State,Location,Agricultural Waste Type,Quantity (kg),Market Price /kg,Demand Level
Andhra Pradesh,"15.9129° N, 79.7400° E",Straw_Waste,3197.333333,24.63991755,High
Andhra Pradesh,"15.9129° N, 79.7400° E",Sugarcane_bagasse,2539.41811,26.46785784,Medium
Arunachal Pradesh,"28.2170° N, 94.7278° E",Maize_waste,1716.5,25.84934993,Low
Arunachal Pradesh,"28.2170° N, 94.7278° E",Pineapple_leaves,2539.41811,26.77564311,Medium
Assam,"26.2006° N, 92.9376° E",Straw_Waste,2204.625,25.63146317,Low
Assam,"26.2006° N, 92.9376° E",Mixed_Stalks,2539.41811,27.08342839,Medium
Bihar,"25.0961° N, 85.3131° E",Straw_Waste,2961.875,24.65604648,High
Bihar,"25.0961° N, 85.3131° E",Maize_waste,2366.625,24.85007672,High
Chhattisgarh,"21.2787° N, 81.8661° E",Straw_Waste,1602.0,26.5738508,Medium
Chhattisgarh,"21.2787° N, 81.8661° E",Maize_waste,2968.5,26.92671894,Medium
Goa,"15.2993° N, 74.1240° E",Nut_shells,1645.0,25.24573505,High
Goa,"15.2993° N, 74.1240° E",Nut_shells,2539.41811,27.44158993,Medium
Gujarat,"22.2587° N, 71.1924° E",Mixed_Stalks,3809.0,25.3250237,High
Gujarat,"22.2587° N, 71.1924° E",Groundnut_shells,2539.41811,27.1034389,Medium
Haryana,"29.0588° N, 76.0856° E",Straw_Waste,2312.692308,24.54275229,High
Haryana,"29.0588° N, 76.0856° E",Straw_Waste,2522.0,26.27982406,Medium
Himachal Pradesh,"31.1048° N, 77.1734° E",Apple_pomace,2539.41811,27.71900944,Medium
Himachal Pradesh,"31.1048° N, 77.1734° E",Maize_waste,3877.0,24.97719557,High
Jharkhand,"23.6102° N, 85.2799° E",Straw_Waste,2169.111111,26.54385394,Medium
Jharkhand,"23.6102° N, 85.2799° E",Maize_waste,2929.4,24.80454589,High
Karnataka,"15.3173° N, 75.7139° E",Sugarcane_bagasse,392.5,25.12105086,Low
Karnataka,"15.3173° N, 75.7139° E",Nut_shells,2539.41811,27.85012776,Medium
Kerala,"10.8505° N, 76.2711° E",Nut_shells,1465.0,25.14006363,High
Kerala,"10.8505° N, 76.2711° E",Banana_stems,2539.41811,27.51197673,Medium
Madhya Pradesh,"22.9734° N, 78.6569° E",Straw_Waste,2763.75,25.52490528,Low
Madhya Pradesh,"22.9734° N, 78.6569° E",Mixed_Stalks,2539.41811,26.36640531,Medium
Maharashtra,"19.7515° N, 75.7139° E",Sugarcane_bagasse,2715.0,24.24200272,High
Maharashtra,"19.7515° N, 75.7139° E",Mixed_Stalks,2539.41811,27.15864281,Medium
Manipur,"24.6637° N, 93.9063° E",Straw_Waste,2887.111111,25.50452775,Low
Manipur,"24.6637° N, 93.9063° E",Maize_waste,2354.0,24.68204282,High
Meghalaya,"25.4670° N, 91.3662° E",Straw_Waste,2466.0,26.47679499,Medium
Meghalaya,"25.4670° N, 91.3662° E",Maize_waste,2979.4,24.71749698,High
Mizoram,"23.1645° N, 92.9376° E",Straw_Waste,3246.25,25.50324055,Low
Mizoram,"23.1645° N, 92.9376° E",Bamboo_waste,3456.0,26.56986997,Low
Nagaland,"26.1584° N, 94.5624° E",Straw_Waste,2364.0,25.41662414,Low
Nagaland,"26.1584° N, 94.5624° E",Maize_waste,2735.75,26.71049631,Medium
Odisha,"20.9517° N, 85.0985° E",Straw_Waste,2489.6875,25.41161785,Low
Odisha,"20.9517° N, 85.0985° E",Maize_waste,2715.0,24.65054054,High
Punjab,"31.1471° N, 75.3412° E",Straw_Waste,2802.3,26.44329282,Medium
Punjab,"31.1471° N, 75.3412° E",Straw_Waste,2434.0,25.06895794,Low
Rajasthan,"27.0238° N, 74.2179° E",Mixed_Stalks,2605.0,24.93423651,High
Rajasthan,"27.0238° N, 74.2179° E",Mixed_Stalks,4108.0,26.69531321,Medium
Sikkim,"27.5330° N, 88.5122° E",Maize_waste,2539.41811,26.71421161,Medium
Sikkim,"27.5330° N, 88.5122° E",Mixed_Stalks,2539.41811,27.27940588,Medium
Tamil Nadu,"11.1271° N, 78.6569° E",Straw_Waste,2262.0,24.23016261,High
Tamil Nadu,"11.1271° N, 78.6569° E",Sugarcane_bagasse,3517.0,26.21338549,Medium
Telangana,"18.1124° N, 79.0193° E",Straw_Waste,3210.333333,24.29176386,High
Telangana,"18.1124° N, 79.0193° E",Maize_waste,1980.555556,25.53670645,Low
Tripura,"23.9408° N, 91.9882° E",Straw_Waste,2496.428571,24.29951997,High
Tripura,"23.9408° N, 91.9882° E",Pineapple_leaves,3479.0,25.48136472,Low
Uttar Pradesh,"26.8467° N, 80.9462° E",Straw_Waste,1296.833333,25.20875533,Low
Uttar Pradesh,"26.8467° N, 80.9462° E",Sugarcane_bagasse,2793.6,25.08771859,Low
Uttarakhand,"30.0668° N, 79.0193° E",Straw_Waste,2651.846154,24.28173797,High
Uttarakhand,"30.0668° N, 79.0193° E",Maize_waste,1747.8,25.47231218,Low
West Bengal,"22.9868° N, 87.8550° E",Straw_Waste,3369.285714,24.32464434,High
West Bengal,"22.9868° N, 87.8550° E",Mixed_Stalks,4318.0,27.6556827,Medium
Punjab,"26.8467° N, 80.9462° E",Straw_Waste,3872.0,30.65,Medium
Goa,"15.2993° N, 74.1240° E",Banana_stems,3544.0,30.85,Low
Uttarakhand,"15.9129° N, 79.7400° E",Banana_stems,2533.0,10.73,High
Goa,"15.3173° N, 75.7139° E",Mixed_Stalks,3004.0,15.98,Low
Maharashtra,"29.0588° N, 76.0856° E",Straw_Waste,289.0,6.35,Medium
Sikkim,"22.9868° N, 87.8550° E",Sugarcane_bagasse,1628.0,4.23,Low
Karnataka,"21.2787° N, 81.8661° E",Straw_Waste,2535.0,47.23,High
Chhattisgarh,"22.9734° N, 78.6569° E",Straw_Waste,1463.0,13.57,Medium
Telangana,"26.1584° N, 94.5624° E",Groundnut_shells,3252.0,14.42,Medium
Rajasthan,"28.2170° N, 94.7278° E",Maize_waste,1600.0,48.54,Low
Mizoram,"21.2787° N, 81.8661° E",Maize_waste,3442.0,6.25,Low
Punjab,"15.3173° N, 75.7139° E",Straw_Waste,437.0,27.91,Low
Tamil Nadu,"27.0238° N, 74.2179° E",Straw_Waste,2162.0,9.93,High
Chhattisgarh,"10.8505° N, 76.2711° E",Straw_Waste,2127.0,16.09,Low
Uttar Pradesh,"31.1048° N, 77.1734° E",Maize_waste,4614.0,39.02,High
Rajasthan,"19.7515° N, 75.7139° E",Straw_Waste,300.0,31.92,Medium
Telangana,"22.9868° N, 87.8550° E",Nut_shells,3745.0,17.61,Low
Punjab,"15.3173° N, 75.7139° E",Sugarcane_bagasse,1670.0,24.67,Medium
Andhra Pradesh,"26.2006° N, 92.9376° E",Mixed_Stalks,602.0,39.01,Low
Chhattisgarh,"29.0588° N, 76.0856° E",Straw_Waste,1584.0,11.68,Medium
Uttar Pradesh,"25.4670° N, 91.3662° E",Pineapple_leaves,1857.0,8.69,Low
Haryana,"27.5330° N, 88.5122° E",Straw_Waste,1159.0,47.26,High
Uttar Pradesh,"15.3173° N, 75.7139° E",Mixed_Stalks,2725.0,31.97,Low
Maharashtra,"19.7515° N, 75.7139° E",Mixed_Stalks,3727.0,21.99,High
West Bengal,"19.7515° N, 75.7139° E",Straw_Waste,3402.0,45.53,High
Uttar Pradesh,"22.2587° N, 71.1924° E",Mixed_Stalks,1382.0,2.33,Low
Odisha,"23.1645° N, 92.9376° E",Straw_Waste,4879.0,13.72,Low
Meghalaya,"10.8505° N, 76.2711° E",Mixed_Stalks,3863.0,19.45,High
Goa,"31.1471° N, 75.3412° E",Sugarcane_bagasse,1736.0,15.67,High
Tripura,"15.9129° N, 79.7400° E",Sugarcane_bagasse,954.0,15.38,Medium
Andhra Pradesh,"30.0668° N, 79.0193° E",Mixed_Stalks,2877.0,49.31,Low
West Bengal,"15.2993° N, 74.1240° E",Mixed_Stalks,4318.0,13.62,Medium
Assam,"26.8467° N, 80.9462° E",Bamboo_waste,297.0,21.14,Low
Haryana,"23.1645° N, 92.9376° E",Straw_Waste,1247.0,26.39,High
Jharkhand,"26.1584° N, 94.5624° E",Straw_Waste,1469.0,26.58,Medium
Meghalaya,"25.0961° N, 85.3131° E",Sugarcane_bagasse,588.0,35.17,High
Punjab,"15.9129° N, 79.7400° E",Nut_shells,4161.0,35.4,Low
Haryana,"22.9734° N, 78.6569° E",Maize_waste,1116.0,26.8,High
Andhra Pradesh,"18.1124° N, 79.0193° E",Nut_shells,4648.0,45.22,Low
Rajasthan,"26.1584° N, 94.5624° E",Straw_Waste,2355.0,45.06,Medium
Mizoram,"10.8505° N, 76.2711° E",Sugarcane_bagasse,4782.0,46.91,Medium
Jharkhand,"26.1584° N, 94.5624° E",Maize_waste,2657.0,47.13,High
Himachal Pradesh,"11.1271° N, 78.6569° E",Maize_waste,3877.0,35.21,High
Nagaland,"23.1645° N, 92.9376° E",Pineapple_leaves,4593.0,17.62,Low
Himachal Pradesh,"23.1645° N, 92.9376° E",Maize_waste,4655.0,26.42,High
Tamil Nadu,"24.6637° N, 93.9063° E",Maize_waste,3536.0,25.36,High
Mizoram,"15.3173° N, 75.7139° E",Maize_waste,1059.0,43.48,Low
Jharkhand,"28.2170° N, 94.7278° E",Straw_Waste,3220.0,4.09,Medium
Uttarakhand,"26.2006° N, 92.9376° E",Straw_Waste,1160.0,46.56,High
Uttarakhand,"25.4670° N, 91.3662° E",Straw_Waste,799.0,42.94,High
Karnataka,"25.4670° N, 91.3662° E",Nut_shells,1284.0,17.21,Medium
Rajasthan,"25.4670° N, 91.3662° E",Maize_waste,669.0,46.64,Low
Tripura,"25.4670° N, 91.3662° E",Straw_Waste,3001.0,19.22,Medium
Rajasthan,"15.9129° N, 79.7400° E",Mixed_Stalks,884.0,42.74,High
Uttarakhand,"18.1124° N, 79.0193° E",Straw_Waste,2906.0,22.15,High
Bihar,"26.1584° N, 94.5624° E",Straw_Waste,4215.0,33.2,Medium
Goa,"26.8467° N, 80.9462° E",Nut_shells,1266.0,20.03,High
Kerala,"15.3173° N, 75.7139° E",Straw_Waste,3836.0,9.44,Medium
Karnataka,"15.3173° N, 75.7139° E",Straw_Waste,1815.0,3.86,High
Sikkim,"20.9517° N, 85.0985° E",Straw_Waste,3224.0,15.03,High
Arunachal Pradesh,"26.2006° N, 92.9376° E",Straw_Waste,1091.0,27.51,Low
West Bengal,"31.1471° N, 75.3412° E",Sugarcane_bagasse,4464.0,48.54,Medium
Jharkhand,"31.1048° N, 77.1734° E",Mixed_Stalks,930.0,22.81,Medium
Odisha,"22.9734° N, 78.6569° E",Straw_Waste,2938.0,22.56,Low
Andhra Pradesh,"18.1124° N, 79.0193° E",Bamboo_waste,659.0,10.78,High
Punjab,"26.2006° N, 92.9376° E",Nut_shells,2394.0,4.29,High
Uttar Pradesh,"20.9517° N, 85.0985° E",Nut_shells,2844.0,18.41,High
Tripura,"24.6637° N, 93.9063° E",Sugarcane_bagasse,3159.0,10.42,Medium
Punjab,"26.1584° N, 94.5624° E",Straw_Waste,1857.0,33.19,Medium
Uttarakhand,"26.2006° N, 92.9376° E",Maize_waste,2949.0,14.52,Low
Jharkhand,"25.4670° N, 91.3662° E",Straw_Waste,1115.0,33.62,Low
Tripura,"19.7515° N, 75.7139° E",Maize_waste,3646.0,40.45,Low
Mizoram,"23.1645° N, 92.9376° E",Straw_Waste,3598.0,47.19,Low
Mizoram,"31.1471° N, 75.3412° E",Maize_waste,1166.0,11.4,Low
Meghalaya,"11.1271° N, 78.6569° E",Sugarcane_bagasse,2646.0,31.68,High
Madhya Pradesh,"25.0961° N, 85.3131° E",Straw_Waste,1725.0,18.35,Low
Bihar,"28.2170° N, 94.7278° E",Straw_Waste,1616.0,46.96,High
Nagaland,"21.2787° N, 81.8661° E",Straw_Waste,2604.0,29.29,Low
Nagaland,"18.1124° N, 79.0193° E",Maize_waste,2243.0,18.36,Medium
Odisha,"15.2993° N, 74.1240° E",Straw_Waste,3866.0,38.04,Low
Rajasthan,"24.6637° N, 93.9063° E",Apple_pomace,4052.0,26.25,High
Gujarat,"23.6102° N, 85.2799° E",Straw_Waste,495.0,48.01,Low
Chhattisgarh,"25.0961° N, 85.3131° E",Mixed_Stalks,817.0,34.48,Low
Uttarakhand,"26.2006° N, 92.9376° E",Straw_Waste,4591.0,17.78,High
Kerala,"29.0588° N, 76.0856° E",Straw_Waste,2256.0,46.68,Medium
Assam,"26.1584° N, 94.5624° E",Nut_shells,832.0,18.84,Low
Goa,"21.2787° N, 81.8661° E",Maize_waste,1053.0,31.67,High
Bihar,"11.1271° N, 78.6569° E",Mixed_Stalks,1291.0,5.49,High
Andhra Pradesh,"26.2006° N, 92.9376° E",Straw_Waste,3336.0,13.19,High
Karnataka,"26.8467° N, 80.9462° E",Apple_pomace,610.0,45.57,High
Nagaland,"26.2006° N, 92.9376° E",Straw_Waste,1910.0,39.3,Low
Maharashtra,"21.2787° N, 81.8661° E",Mixed_Stalks,3702.0,7.34,Low
Gujarat,"23.9408° N, 91.9882° E",Mixed_Stalks,3809.0,4.7,High
Punjab,"15.9129° N, 79.7400° E",Maize_waste,2096.0,13.4,High
Tripura,"22.9734° N, 78.6569° E",Mixed_Stalks,1028.0,12.73,Medium
Sikkim,"11.1271° N, 78.6569° E",Maize_waste,1952.0,17.49,High
Goa,"20.9517° N, 85.0985° E",Maize_waste,1350.0,35.38,High
Rajasthan,"23.9408° N, 91.9882° E",Groundnut_shells,3586.0,49.8,Medium
Haryana,"10.8505° N, 76.2711° E",Nut_shells,1453.0,47.62,Medium
Uttarakhand,"25.0961° N, 85.3131° E",Mixed_Stalks,4285.0,20.64,Low
Maharashtra,"20.9517° N, 85.0985° E",Mixed_Stalks,4935.0,49.34,Medium
Chhattisgarh,"23.1645° N, 92.9376° E",Straw_Waste,2608.0,34.87,Medium
Nagaland,"26.2006° N, 92.9376° E",Maize_waste,355.0,29.9,Medium
West Bengal,"24.6637° N, 93.9063° E",Pineapple_leaves,1115.0,20.07,High
Meghalaya,"18.1124° N, 79.0193° E",Straw_Waste,4258.0,20.86,Medium
Tripura,"22.2587° N, 71.1924° E",Straw_Waste,1733.0,3.77,High
Assam,"19.7515° N, 75.7139° E",Apple_pomace,2856.0,49.99,Medium
Uttarakhand,"10.8505° N, 76.2711° E",Straw_Waste,3736.0,47.35,High
Himachal Pradesh,"15.3173° N, 75.7139° E",Groundnut_shells,2148.0,47.79,High
Andhra Pradesh,"23.9408° N, 91.9882° E",Straw_Waste,1923.0,4.25,Low
Punjab,"22.9734° N, 78.6569° E",Bamboo_waste,4633.0,39.07,High
Goa,"15.9129° N, 79.7400° E",Maize_waste,335.0,28.93,High
Himachal Pradesh,"18.1124° N, 79.0193° E",Straw_Waste,3378.0,39.66,Medium
Goa,"26.8467° N, 80.9462° E",Straw_Waste,4959.0,49.06,Medium
Himachal Pradesh,"24.6637° N, 93.9063° E",Straw_Waste,2582.0,45.4,High
Mizoram,"10.8505° N, 76.2711° E",Straw_Waste,4737.0,31.86,Low
Assam,"24.6637° N, 93.9063° E",Pineapple_leaves,237.0,46.48,Medium
Jharkhand,"10.8505° N, 76.2711° E",Straw_Waste,2693.0,31.8,Medium
Sikkim,"27.5330° N, 88.5122° E",Maize_waste,4142.0,5.64,High
West Bengal,"29.0588° N, 76.0856° E",Straw_Waste,3545.0,35.49,High
Meghalaya,"28.2170° N, 94.7278° E",Sugarcane_bagasse,4288.0,48.71,High
Uttar Pradesh,"23.6102° N, 85.2799° E",Sugarcane_bagasse,4799.0,18.69,Low
Andhra Pradesh,"26.2006° N, 92.9376° E",Mixed_Stalks,623.0,11.9,Medium
Madhya Pradesh,"11.1271° N, 78.6569° E",Sugarcane_bagasse,2396.0,25.09,Medium
West Bengal,"24.6637° N, 93.9063° E",Maize_waste,2978.0,20.11,High
Nagaland,"15.9129° N, 79.7400° E",Maize_waste,4820.0,30.67,Medium
West Bengal,"15.3173° N, 75.7139° E",Groundnut_shells,4669.0,38.48,Medium
Andhra Pradesh,"11.1271° N, 78.6569° E",Mixed_Stalks,4721.0,9.09,Low
Arunachal Pradesh,"18.1124° N, 79.0193° E",Nut_shells,2897.0,37.98,Low
Odisha,"26.1584° N, 94.5624° E",Straw_Waste,3186.0,7.03,Low
Chhattisgarh,"31.1471° N, 75.3412° E",Apple_pomace,225.0,7.75,High
Jharkhand,"22.9734° N, 78.6569° E",Pineapple_leaves,166.0,33.14,Medium
Nagaland,"18.1124° N, 79.0193° E",Nut_shells,4818.0,37.78,High
Jharkhand,"27.0238° N, 74.2179° E",Mixed_Stalks,2760.0,19.43,Medium
Mizoram,"22.9868° N, 87.8550° E",Straw_Waste,3912.0,46.82,Low
Karnataka,"26.2006° N, 92.9376° E",Mixed_Stalks,2663.0,42.84,Medium
Manipur,"25.4670° N, 91.3662° E",Banana_stems,2970.0,42.43,High
Meghalaya,"31.1471° N, 75.3412° E",Straw_Waste,2695.0,49.87,Medium
Jharkhand,"19.7515° N, 75.7139° E",Nut_shells,103.0,2.25,High
West Bengal,"20.9517° N, 85.0985° E",Straw_Waste,4389.0,28.72,High
Sikkim,"26.2006° N, 92.9376° E",Mixed_Stalks,1241.0,36.13,High
Tripura,"15.2993° N, 74.1240° E",Straw_Waste,2148.0,31.31,Medium
Goa,"26.1584° N, 94.5624° E",Mixed_Stalks,2126.0,30.51,High
West Bengal,"21.2787° N, 81.8661° E",Straw_Waste,1773.0,49.52,High
Andhra Pradesh,"23.6102° N, 85.2799° E",Straw_Waste,1442.0,34.71,High
Goa,"29.0588° N, 76.0856° E",Banana_stems,2138.0,40.13,Low
Assam,"27.5330° N, 88.5122° E",Pineapple_leaves,4529.0,46.78,Medium
Mizoram,"15.2993° N, 74.1240° E",Straw_Waste,1670.0,46.47,Low
Manipur,"25.0961° N, 85.3131° E",Nut_shells,972.0,38.02,Medium
Karnataka,"20.9517° N, 85.0985° E",Straw_Waste,2998.0,33.93,High
Arunachal Pradesh,"22.9734° N, 78.6569° E",Straw_Waste,1165.0,20.84,Low
Gujarat,"25.4670° N, 91.3662° E",Straw_Waste,4770.0,26.13,Low
Mizoram,"18.1124° N, 79.0193° E",Straw_Waste,4133.0,28.09,Low
Uttar Pradesh,"26.2006° N, 92.9376° E",Mixed_Stalks,2726.0,32.13,Medium
Telangana,"24.6637° N, 93.9063° E",Straw_Waste,2135.0,37.59,Low
Odisha,"23.1645° N, 92.9376° E",Straw_Waste,1050.0,8.87,Low
Chhattisgarh,"26.2006° N, 92.9376° E",Maize_waste,3012.0,6.94,Medium
Telangana,"26.1584° N, 94.5624° E",Straw_Waste,3328.0,27.91,High
Arunachal Pradesh,"15.2993° N, 74.1240° E",Straw_Waste,4325.0,2.59,Low
Nagaland,"26.1584° N, 94.5624° E",Mixed_Stalks,1934.0,30.75,Low
Chhattisgarh,"31.1471° N, 75.3412° E",Maize_waste,3305.0,21.24,Medium
Tamil Nadu,"27.5330° N, 88.5122° E",Nut_shells,2365.0,30.14,Medium
Madhya Pradesh,"23.1645° N, 92.9376° E",Straw_Waste,1739.0,43.86,High
Bihar,"27.0238° N, 74.2179° E",Straw_Waste,703.0,19.97,High
Manipur,"22.2587° N, 71.1924° E",Straw_Waste,3468.0,46.43,Low
Tamil Nadu,"20.9517° N, 85.0985° E",Sugarcane_bagasse,3517.0,42.27,Medium
Andhra Pradesh,"30.0668° N, 79.0193° E",Straw_Waste,2808.0,20.21,High
Chhattisgarh,"26.8467° N, 80.9462° E",Straw_Waste,674.0,21.9,Medium
Odisha,"15.9129° N, 79.7400° E",Straw_Waste,3381.0,25.08,Low
Sikkim,"27.5330° N, 88.5122° E",Straw_Waste,1305.0,10.47,High
Assam,"30.0668° N, 79.0193° E",Banana_stems,4480.0,29.87,Medium
Maharashtra,"23.9408° N, 91.9882° E",Sugarcane_bagasse,3220.0,10.55,High
Jharkhand,"30.0668° N, 79.0193° E",Nut_shells,1824.0,10.85,High
Meghalaya,"22.2587° N, 71.1924° E",Maize_waste,2362.0,22.49,High
Meghalaya,"24.6637° N, 93.9063° E",Straw_Waste,3476.0,3.75,Medium
Punjab,"23.6102° N, 85.2799° E",Maize_waste,868.0,39.23,High
Uttarakhand,"19.7515° N, 75.7139° E",Straw_Waste,2261.0,25.86,High
Arunachal Pradesh,"15.9129° N, 79.7400° E",Maize_waste,4250.0,47.41,Low
Mizoram,"10.8505° N, 76.2711° E",Straw_Waste,1923.0,36.37,Low
Andhra Pradesh,"22.9868° N, 87.8550° E",Maize_waste,2590.0,26.26,Low
Telangana,"20.9517° N, 85.0985° E",Maize_waste,3775.0,13.43,Low
Meghalaya,"10.8505° N, 76.2711° E",Groundnut_shells,1411.0,43.07,Low
Uttarakhand,"15.3173° N, 75.7139° E",Groundnut_shells,922.0,45.02,Low
Bihar,"23.1645° N, 92.9376° E",Nut_shells,3256.0,3.27,High
Manipur,"31.1048° N, 77.1734° E",Sugarcane_bagasse,2020.0,41.24,Low
Andhra Pradesh,"28.2170° N, 94.7278° E",Nut_shells,3290.0,14.87,High
Odisha,"24.6637° N, 93.9063° E",Straw_Waste,3677.0,38.65,Low
Manipur,"22.9868° N, 87.8550° E",Sugarcane_bagasse,4323.0,10.74,Low
Himachal Pradesh,"22.2587° N, 71.1924° E",Straw_Waste,2699.0,35.54,High
Chhattisgarh,"30.0668° N, 79.0193° E",Nut_shells,2641.0,49.25,Medium
Tamil Nadu,"23.1645° N, 92.9376° E",Nut_shells,904.0,2.88,Low
Karnataka,"27.0238° N, 74.2179° E",Maize_waste,140.0,15.15,High
Madhya Pradesh,"20.9517° N, 85.0985° E",Nut_shells,1722.0,7.12,High
Meghalaya,"26.2006° N, 92.9376° E",Sugarcane_bagasse,4363.0,14.04,High
Bihar,"21.2787° N, 81.8661° E",Straw_Waste,3572.0,22.1,Medium
Tamil Nadu,"15.9129° N, 79.7400° E",Maize_waste,1486.0,10.85,High
Uttar Pradesh,"22.9734° N, 78.6569° E",Straw_Waste,248.0,42.18,Low
Tripura,"31.1471° N, 75.3412° E",Straw_Waste,1350.0,47.57,Low
Kerala,"30.0668° N, 79.0193° E",Nut_shells,1885.0,3.5,High
Uttar Pradesh,"27.5330° N, 88.5122° E",Apple_pomace,4560.0,9.42,High
Andhra Pradesh,"30.0668° N, 79.0193° E",Straw_Waste,2443.0,36.95,High
Sikkim,"31.1471° N, 75.3412° E",Mixed_Stalks,4220.0,13.83,Low
Sikkim,"27.5330° N, 88.5122° E",Straw_Waste,3649.0,2.25,High
Sikkim,"23.9408° N, 91.9882° E",Apple_pomace,429.0,35.15,High
Goa,"29.0588° N, 76.0856° E",Banana_stems,438.0,37.15,Low
Kerala,"20.9517° N, 85.0985° E",Maize_waste,809.0,49.07,Medium
Goa,"29.0588° N, 76.0856° E",Mixed_Stalks,588.0,47.31,Low
Chhattisgarh,"29.0588° N, 76.0856° E",Straw_Waste,500.0,10.67,Medium
Bihar,"22.2587° N, 71.1924° E",Straw_Waste,728.0,37.09,High
Bihar,"23.9408° N, 91.9882° E",Nut_shells,1600.0,24.76,High
Himachal Pradesh,"22.2587° N, 71.1924° E",Straw_Waste,3323.0,13.04,High
Arunachal Pradesh,"20.9517° N, 85.0985° E",Maize_waste,3083.0,23.17,High
Punjab,"29.0588° N, 76.0856° E",Mixed_Stalks,3687.0,39.95,High
Mizoram,"29.0588° N, 76.0856° E",Straw_Waste,1231.0,13.18,Low
Rajasthan,"23.1645° N, 92.9376° E",Maize_waste,4446.0,43.99,Low
Meghalaya,"25.4670° N, 91.3662° E",Straw_Waste,913.0,18.83,Medium
Uttarakhand,"27.5330° N, 88.5122° E",Straw_Waste,3611.0,15.04,High
Manipur,"22.9734° N, 78.6569° E",Straw_Waste,4535.0,37.4,Low
Arunachal Pradesh,"11.1271° N, 78.6569° E",Groundnut_shells,475.0,15.79,Medium
Madhya Pradesh,"18.1124° N, 79.0193° E",Straw_Waste,2732.0,7.25,High
Arunachal Pradesh,"15.2993° N, 74.1240° E",Straw_Waste,2208.0,14.43,Medium
West Bengal,"11.1271° N, 78.6569° E",Banana_stems,110.0,45.38,High
Bihar,"26.8467° N, 80.9462° E",Pineapple_leaves,984.0,41.87,Medium
Sikkim,"23.1645° N, 92.9376° E",Mixed_Stalks,1036.0,10.95,Low
Assam,"26.2006° N, 92.9376° E",Maize_waste,826.0,44.42,High
Tripura,"27.0238° N, 74.2179° E",Straw_Waste,2837.0,25.58,High
Arunachal Pradesh,"25.4670° N, 91.3662° E",Straw_Waste,4169.0,31.9,Medium
Chhattisgarh,"28.2170° N, 94.7278° E",Groundnut_shells,1480.0,6.39,High
Maharashtra,"24.6637° N, 93.9063° E",Straw_Waste,1318.0,47.87,Medium
Haryana,"31.1471° N, 75.3412° E",Straw_Waste,1518.0,6.18,High
Bihar,"26.2006° N, 92.9376° E",Maize_waste,1013.0,5.89,High
Assam,"22.2587° N, 71.1924° E",Apple_pomace,3211.0,44.38,Medium
Uttar Pradesh,"28.2170° N, 94.7278° E",Mixed_Stalks,3211.0,34.54,High
Mizoram,"26.2006° N, 92.9376° E",Banana_stems,2483.0,33.61,High
Telangana,"27.0238° N, 74.2179° E",Mixed_Stalks,462.0,13.46,High
Nagaland,"19.7515° N, 75.7139° E",Maize_waste,4895.0,9.61,Medium
Uttar Pradesh,"25.4670° N, 91.3662° E",Nut_shells,4621.0,8.19,Low
Punjab,"25.4670° N, 91.3662° E",Maize_waste,2503.0,28.7,High
Punjab,"15.9129° N, 79.7400° E",Maize_waste,3217.0,17.67,High
Punjab,"25.4670° N, 91.3662° E",Bamboo_waste,4895.0,2.44,High
Telangana,"26.2006° N, 92.9376° E",Straw_Waste,3626.0,27.98,Low
Maharashtra,"29.0588° N, 76.0856° E",Maize_waste,2184.0,6.92,Medium
Maharashtra,"31.1048° N, 77.1734° E",Nut_shells,1017.0,36.01,Low
Karnataka,"22.9734° N, 78.6569° E",Mixed_Stalks,2453.0,49.53,Low
Goa,"26.1584° N, 94.5624° E",Straw_Waste,2528.0,20.41,Medium
Assam,"18.1124° N, 79.0193° E",Straw_Waste,4099.0,38.98,Low
Mizoram,"11.1271° N, 78.6569° E",Bamboo_waste,3456.0,47.33,Low
Haryana,"22.9868° N, 87.8550° E",Straw_Waste,2304.0,16.32,High
Gujarat,"23.6102° N, 85.2799° E",Nut_shells,3630.0,15.12,High
West Bengal,"19.7515° N, 75.7139° E",Straw_Waste,4216.0,45.66,High
Assam,"23.6102° N, 85.2799° E",Straw_Waste,4765.0,44.92,Low
Nagaland,"23.9408° N, 91.9882° E",Straw_Waste,891.0,19.69,Low
Maharashtra,"25.0961° N, 85.3131° E",Sugarcane_bagasse,1084.0,43.69,High
Haryana,"19.7515° N, 75.7139° E",Sugarcane_bagasse,3733.0,38.53,High
Sikkim,"30.0668° N, 79.0193° E",Banana_stems,3999.0,48.44,Medium
Madhya Pradesh,"24.6637° N, 93.9063° E",Groundnut_shells,3444.0,31.15,High
Telangana,"15.3173° N, 75.7139° E",Maize_waste,216.0,30.33,Low
Gujarat,"31.1048° N, 77.1734° E",Maize_waste,3960.0,5.48,Medium
Odisha,"25.4670° N, 91.3662° E",Nut_shells,828.0,43.29,Medium
Karnataka,"26.8467° N, 80.9462° E",Banana_stems,1676.0,13.62,High
Meghalaya,"29.0588° N, 76.0856° E",Straw_Waste,2820.0,28.86,Medium
Andhra Pradesh,"23.1645° N, 92.9376° E",Straw_Waste,4144.0,5.96,High
Madhya Pradesh,"15.3173° N, 75.7139° E",Straw_Waste,2341.0,48.92,Low
Tripura,"29.0588° N, 76.0856° E",Bamboo_waste,205.0,10.04,High
Goa,"28.2170° N, 94.7278° E",Mixed_Stalks,2156.0,46.94,Low
Meghalaya,"27.0238° N, 74.2179° E",Pineapple_leaves,815.0,43.81,Medium
Jharkhand,"18.1124° N, 79.0193° E",Straw_Waste,558.0,44.95,Medium
Karnataka,"22.9734° N, 78.6569° E",Maize_waste,4209.0,5.92,High
Kerala,"15.2993° N, 74.1240° E",Mixed_Stalks,1660.0,43.85,Medium
West Bengal,"11.1271° N, 78.6569° E",Maize_waste,4880.0,10.74,Medium
West Bengal,"25.4670° N, 91.3662° E",Straw_Waste,3765.0,3.0,High
Odisha,"25.4670° N, 91.3662° E",Mixed_Stalks,3020.0,25.68,Low
Nagaland,"24.6637° N, 93.9063° E",Maize_waste,452.0,42.34,Medium
Karnataka,"25.4670° N, 91.3662° E",Banana_stems,503.0,32.18,High
Kerala,"23.9408° N, 91.9882° E",Straw_Waste,4803.0,30.23,Medium
Mizoram,"26.1584° N, 94.5624° E",Sugarcane_bagasse,2482.0,45.23,Medium
Rajasthan,"26.8467° N, 80.9462° E",Straw_Waste,4381.0,45.79,Medium
Himachal Pradesh,"31.1471° N, 75.3412° E",Sugarcane_bagasse,3058.0,13.32,Low
Nagaland,"18.1124° N, 79.0193° E",Maize_waste,3469.0,13.4,Medium
West Bengal,"20.9517° N, 85.0985° E",Straw_Waste,4105.0,25.63,High
Telangana,"22.2587° N, 71.1924° E",Mixed_Stalks,2378.0,19.24,Medium
Assam,"31.1048° N, 77.1734° E",Straw_Waste,2140.0,21.15,Low
Assam,"15.9129° N, 79.7400° E",Straw_Waste,4655.0,8.28,High
Meghalaya,"15.2993° N, 74.1240° E",Maize_waste,3878.0,23.22,High
Chhattisgarh,"15.2993° N, 74.1240° E",Maize_waste,3532.0,22.68,Medium
Uttarakhand,"23.6102° N, 85.2799° E",Mixed_Stalks,3292.0,31.07,Low
Odisha,"23.9408° N, 91.9882° E",Straw_Waste,1755.0,40.67,Low
Assam,"27.5330° N, 88.5122° E",Maize_waste,4053.0,49.36,High
Jharkhand,"22.9734° N, 78.6569° E",Straw_Waste,1158.0,23.71,Medium
Assam,"23.1645° N, 92.9376° E",Straw_Waste,1329.0,35.03,Low
Kerala,"27.5330° N, 88.5122° E",Bamboo_waste,4412.0,32.68,High
Meghalaya,"22.9868° N, 87.8550° E",Straw_Waste,3349.0,18.45,Medium
Kerala,"11.1271° N, 78.6569° E",Sugarcane_bagasse,2069.0,11.69,Low
Tripura,"15.3173° N, 75.7139° E",Straw_Waste,1114.0,34.28,Medium
Telangana,"15.3173° N, 75.7139° E",Straw_Waste,3973.0,33.76,High
Sikkim,"21.2787° N, 81.8661° E",Maize_waste,4149.0,31.66,High
Tripura,"15.2993° N, 74.1240° E",Sugarcane_bagasse,1963.0,40.18,Medium
Jharkhand,"25.4670° N, 91.3662° E",Straw_Waste,3224.0,34.01,Low
Maharashtra,"15.9129° N, 79.7400° E",Pineapple_leaves,803.0,4.31,High
Rajasthan,"22.9734° N, 78.6569° E",Maize_waste,2732.0,6.34,Low
Mizoram,"20.9517° N, 85.0985° E",Sugarcane_bagasse,1767.0,34.04,Medium
Gujarat,"27.0238° N, 74.2179° E",Nut_shells,950.0,43.71,High
Uttarakhand,"25.0961° N, 85.3131° E",Straw_Waste,2872.0,17.58,High
Haryana,"15.3173° N, 75.7139° E",Straw_Waste,2975.0,28.33,High
Meghalaya,"23.9408° N, 91.9882° E",Straw_Waste,3438.0,30.97,Medium
Andhra Pradesh,"11.1271° N, 78.6569° E",Straw_Waste,1126.0,28.03,High
Manipur,"22.9734° N, 78.6569° E",Straw_Waste,111.0,9.15,Low
Nagaland,"29.0588° N, 76.0856° E",Maize_waste,1043.0,28.37,Medium
Sikkim,"11.1271° N, 78.6569° E",Sugarcane_bagasse,506.0,22.68,Low
Haryana,"22.9734° N, 78.6569° E",Maize_waste,814.0,20.24,High
Karnataka,"23.6102° N, 85.2799° E",Bamboo_waste,1063.0,14.33,High
Manipur,"18.1124° N, 79.0193° E",Mixed_Stalks,205.0,31.3,Medium
Tripura,"22.2587° N, 71.1924° E",Pineapple_leaves,2237.0,7.85,Low
Meghalaya,"27.5330° N, 88.5122° E",Maize_waste,3754.0,16.17,High
West Bengal,"26.1584° N, 94.5624° E",Maize_waste,1575.0,6.18,Medium
West Bengal,"11.1271° N, 78.6569° E",Mixed_Stalks,3038.0,2.12,Low
Karnataka,"15.3173° N, 75.7139° E",Mixed_Stalks,4076.0,40.1,Low
Kerala,"27.0238° N, 74.2179° E",Maize_waste,4915.0,28.72,Medium
Arunachal Pradesh,"23.9408° N, 91.9882° E",Banana_stems,3783.0,22.34,Medium
Himachal Pradesh,"23.6102° N, 85.2799° E",Maize_waste,3140.0,22.35,High
Tripura,"26.1584° N, 94.5624° E",Mixed_Stalks,1349.0,24.7,High
Telangana,"20.9517° N, 85.0985° E",Straw_Waste,2566.0,31.14,Low
Chhattisgarh,"22.2587° N, 71.1924° E",Mixed_Stalks,540.0,25.84,Low
Nagaland,"25.0961° N, 85.3131° E",Sugarcane_bagasse,3829.0,21.41,Medium
Punjab,"27.0238° N, 74.2179° E",Straw_Waste,3451.0,8.16,Medium
Madhya Pradesh,"20.9517° N, 85.0985° E",Mixed_Stalks,1290.0,39.09,High
Nagaland,"28.2170° N, 94.7278° E",Straw_Waste,2014.0,18.49,Low
Gujarat,"23.9408° N, 91.9882° E",Sugarcane_bagasse,2664.0,5.36,High
Odisha,"25.0961° N, 85.3131° E",Pineapple_leaves,166.0,27.58,High
Arunachal Pradesh,"15.3173° N, 75.7139° E",Mixed_Stalks,2874.0,20.17,High
Nagaland,"23.1645° N, 92.9376° E",Nut_shells,4311.0,4.89,High
Assam,"22.2587° N, 71.1924° E",Straw_Waste,2434.0,38.23,Low
Rajasthan,"24.6637° N, 93.9063° E",Straw_Waste,3059.0,2.06,Medium
Manipur,"11.1271° N, 78.6569° E",Nut_shells,4543.0,48.76,Medium
Jharkhand,"31.1471° N, 75.3412° E",Mixed_Stalks,463.0,13.7,Medium
Jharkhand,"26.2006° N, 92.9376° E",Nut_shells,4651.0,38.25,High
Goa,"20.9517° N, 85.0985° E",Sugarcane_bagasse,2885.0,5.03,High
Tripura,"11.1271° N, 78.6569° E",Sugarcane_bagasse,2508.0,6.21,Medium
Chhattisgarh,"15.9129° N, 79.7400° E",Nut_shells,1825.0,23.47,Medium
Assam,"26.1584° N, 94.5624° E",Nut_shells,2290.0,49.62,High
Rajasthan,"15.2993° N, 74.1240° E",Straw_Waste,660.0,7.59,Medium
Manipur,"10.8505° N, 76.2711° E",Mixed_Stalks,233.0,8.78,Low
Chhattisgarh,"29.0588° N, 76.0856° E",Sugarcane_bagasse,4325.0,12.73,High
Himachal Pradesh,"21.2787° N, 81.8661° E",Straw_Waste,2085.0,8.36,High
Nagaland,"25.4670° N, 91.3662° E",Groundnut_shells,1233.0,45.12,High
Gujarat,"30.0668° N, 79.0193° E",Bamboo_waste,3064.0,3.24,High
Arunachal Pradesh,"11.1271° N, 78.6569° E",Nut_shells,4323.0,22.76,High
Gujarat,"23.6102° N, 85.2799° E",Maize_waste,3136.0,7.07,High
Manipur,"27.5330° N, 88.5122° E",Sugarcane_bagasse,2810.0,9.3,Low
Jharkhand,"23.1645° N, 92.9376° E",Maize_waste,4837.0,25.26,High
Meghalaya,"22.9868° N, 87.8550° E",Straw_Waste,556.0,22.66,Medium
Karnataka,"21.2787° N, 81.8661° E",Mixed_Stalks,4385.0,14.74,Low
Haryana,"23.1645° N, 92.9376° E",Pineapple_leaves,1738.0,12.99,High
Uttar Pradesh,"24.6637° N, 93.9063° E",Sugarcane_bagasse,519.0,27.3,Low
Odisha,"26.8467° N, 80.9462° E",Straw_Waste,2239.0,25.12,Low
Karnataka,"26.2006° N, 92.9376° E",Straw_Waste,4581.0,8.42,High
Odisha,"29.0588° N, 76.0856° E",Sugarcane_bagasse,1000.0,12.33,High
Tamil Nadu,"15.3173° N, 75.7139° E",Straw_Waste,2485.0,5.1,High
Goa,"15.3173° N, 75.7139° E",Sugarcane_bagasse,4378.0,9.16,High
Mizoram,"26.8467° N, 80.9462° E",Maize_waste,3935.0,33.28,Low
Manipur,"26.8467° N, 80.9462° E",Straw_Waste,3593.0,20.83,Low
Rajasthan,"31.1048° N, 77.1734° E",Mixed_Stalks,492.0,47.26,Medium
Telangana,"24.6637° N, 93.9063° E",Straw_Waste,341.0,3.84,Low
Goa,"22.9868° N, 87.8550° E",Bamboo_waste,875.0,44.97,High
Himachal Pradesh,"10.8505° N, 76.2711° E",Banana_stems,2248.0,4.3,High
Sikkim,"15.9129° N, 79.7400° E",Straw_Waste,3606.0,5.42,High
Jharkhand,"15.3173° N, 75.7139° E",Straw_Waste,3997.0,24.17,Low
Bihar,"26.8467° N, 80.9462° E",Mixed_Stalks,662.0,10.36,High
Manipur,"30.0668° N, 79.0193° E",Maize_waste,2667.0,14.72,High
Meghalaya,"18.1124° N, 79.0193° E",Mixed_Stalks,1346.0,39.56,High
Andhra Pradesh,"29.0588° N, 76.0856° E",Pineapple_leaves,1062.0,7.83,Medium
Gujarat,"27.0238° N, 74.2179° E",Mixed_Stalks,4412.0,27.45,Medium
Tripura,"21.2787° N, 81.8661° E",Sugarcane_bagasse,3847.0,16.06,Medium
Uttarakhand,"25.4670° N, 91.3662° E",Straw_Waste,4083.0,40.96,High
Chhattisgarh,"29.0588° N, 76.0856° E",Apple_pomace,1035.0,30.73,High
Punjab,"22.2587° N, 71.1924° E",Straw_Waste,3797.0,47.27,Medium
Sikkim,"25.4670° N, 91.3662° E",Straw_Waste,785.0,2.61,High
Meghalaya,"24.6637° N, 93.9063° E",Straw_Waste,138.0,42.63,Medium
Karnataka,"22.2587° N, 71.1924° E",Sugarcane_bagasse,401.0,36.97,Low
Sikkim,"25.4670° N, 91.3662° E",Nut_shells,4451.0,28.16,Low
Karnataka,"19.7515° N, 75.7139° E",Straw_Waste,3637.0,7.18,High
Tripura,"25.4670° N, 91.3662° E",Straw_Waste,4182.0,9.23,High
Sikkim,"20.9517° N, 85.0985° E",Straw_Waste,2843.0,31.37,High
Kerala,"24.6637° N, 93.9063° E",Maize_waste,1404.0,38.53,Medium
Rajasthan,"29.0588° N, 76.0856° E",Maize_waste,1384.0,44.31,Low
Rajasthan,"23.1645° N, 92.9376° E",Maize_waste,2620.0,28.64,Medium
Maharashtra,"19.7515° N, 75.7139° E",Sugarcane_bagasse,2259.0,39.62,High
Madhya Pradesh,"30.0668° N, 79.0193° E",Nut_shells,2356.0,2.53,High
Goa,"29.0588° N, 76.0856° E",Straw_Waste,3995.0,26.1,Medium
Telangana,"28.2170° N, 94.7278° E",Maize_waste,2029.0,44.54,Low
Odisha,"20.9517° N, 85.0985° E",Sugarcane_bagasse,2123.0,10.56,High
Tamil Nadu,"28.2170° N, 94.7278° E",Straw_Waste,2420.0,30.23,High
Arunachal Pradesh,"10.8505° N, 76.2711° E",Straw_Waste,4531.0,12.82,Medium
Mizoram,"24.6637° N, 93.9063° E",Maize_waste,3359.0,41.6,High
Tamil Nadu,"23.6102° N, 85.2799° E",Nut_shells,763.0,18.04,Medium
Odisha,"30.0668° N, 79.0193° E",Straw_Waste,967.0,26.83,Low
Manipur,"22.9868° N, 87.8550° E",Straw_Waste,1306.0,13.32,Low
Tripura,"19.7515° N, 75.7139° E",Straw_Waste,1119.0,16.37,Medium
Arunachal Pradesh,"23.6102° N, 85.2799° E",Maize_waste,2110.0,34.92,Low
Goa,"31.1471° N, 75.3412° E",Straw_Waste,4797.0,30.21,Medium
Chhattisgarh,"23.9408° N, 91.9882° E",Maize_waste,3796.0,30.12,Medium
Himachal Pradesh,"11.1271° N, 78.6569° E",Straw_Waste,4086.0,14.45,High
Manipur,"20.9517° N, 85.0985° E",Maize_waste,2196.0,22.89,High
Assam,"22.9734° N, 78.6569° E",Pineapple_leaves,4833.0,36.94,Medium
Kerala,"26.1584° N, 94.5624° E",Mixed_Stalks,2956.0,9.63,High
Jharkhand,"10.8505° N, 76.2711° E",Straw_Waste,4743.0,2.64,Medium
Maharashtra,"25.0961° N, 85.3131° E",Straw_Waste,2074.0,45.5,Medium
Haryana,"30.0668° N, 79.0193° E",Straw_Waste,1741.0,42.55,High
Chhattisgarh,"11.1271° N, 78.6569° E",Maize_waste,1819.0,4.23,Medium
Sikkim,"15.3173° N, 75.7139° E",Pineapple_leaves,789.0,21.73,Low
Haryana,"31.1048° N, 77.1734° E",Maize_waste,1271.0,8.14,High
Sikkim,"22.9868° N, 87.8550° E",Groundnut_shells,4360.0,49.1,Medium
Arunachal Pradesh,"10.8505° N, 76.2711° E",Mixed_Stalks,2452.0,24.27,High
Goa,"27.0238° N, 74.2179° E",Straw_Waste,4824.0,12.82,Medium
Karnataka,"22.9868° N, 87.8550° E",Straw_Waste,4788.0,49.06,High
Maharashtra,"27.5330° N, 88.5122° E",Mixed_Stalks,3769.0,28.34,Medium
Mizoram,"15.9129° N, 79.7400° E",Maize_waste,3688.0,47.39,Low
Chhattisgarh,"23.1645° N, 92.9376° E",Straw_Waste,4630.0,33.25,Medium
Kerala,"18.1124° N, 79.0193° E",Straw_Waste,4766.0,24.04,Low
Tripura,"25.4670° N, 91.3662° E",Straw_Waste,2424.0,9.91,High
Tamil Nadu,"26.8467° N, 80.9462° E",Nut_shells,2891.0,44.14,Medium
Maharashtra,"22.2587° N, 71.1924° E",Sugarcane_bagasse,3148.0,28.89,High
Madhya Pradesh,"22.9868° N, 87.8550° E",Maize_waste,2091.0,15.56,Medium
Assam,"31.1471° N, 75.3412° E",Sugarcane_bagasse,1914.0,41.46,Medium
Uttar Pradesh,"15.2993° N, 74.1240° E",Mixed_Stalks,3757.0,6.51,High
Odisha,"15.3173° N, 75.7139° E",Maize_waste,4754.0,11.4,High
Himachal Pradesh,"27.0238° N, 74.2179° E",Maize_waste,3625.0,40.08,High
Arunachal Pradesh,"11.1271° N, 78.6569° E",Maize_waste,382.0,15.29,Low
Andhra Pradesh,"22.9868° N, 87.8550° E",Maize_waste,712.0,37.17,Low
Arunachal Pradesh,"24.6637° N, 93.9063° E",Mixed_Stalks,1881.0,43.13,High
Goa,"11.1271° N, 78.6569° E",Straw_Waste,674.0,25.3,Medium
Manipur,"22.2587° N, 71.1924° E",Bamboo_waste,1383.0,49.86,Low
West Bengal,"19.7515° N, 75.7139° E",Straw_Waste,1660.0,6.47,High
Assam,"26.1584° N, 94.5624° E",Mixed_Stalks,364.0,41.32,Medium
Jharkhand,"27.5330° N, 88.5122° E",Nut_shells,3090.0,33.28,High
Kerala,"23.1645° N, 92.9376° E",Nut_shells,1254.0,44.23,High
Maharashtra,"22.9868° N, 87.8550° E",Mixed_Stalks,289.0,36.52,Low
Mizoram,"27.0238° N, 74.2179° E",Straw_Waste,4533.0,37.94,Low
Telangana,"15.3173° N, 75.7139° E",Apple_pomace,1774.0,42.5,Low
Jharkhand,"29.0588° N, 76.0856° E",Bamboo_waste,1189.0,17.12,Low
Jharkhand,"15.9129° N, 79.7400° E",Maize_waste,3930.0,15.41,High
Arunachal Pradesh,"22.9734° N, 78.6569° E",Straw_Waste,4728.0,3.59,Low
Uttar Pradesh,"22.2587° N, 71.1924° E",Maize_waste,559.0,13.17,High
Gujarat,"29.0588° N, 76.0856° E",Maize_waste,1238.0,45.55,High
Kerala,"19.7515° N, 75.7139° E",Bamboo_waste,2697.0,12.88,High
Nagaland,"23.6102° N, 85.2799° E",Maize_waste,4017.0,25.0,Medium
Punjab,"10.8505° N, 76.2711° E",Groundnut_shells,4349.0,48.38,Medium
Tamil Nadu,"26.8467° N, 80.9462° E",Maize_waste,1549.0,35.57,High
Gujarat,"21.2787° N, 81.8661° E",Straw_Waste,4828.0,15.51,Low
Odisha,"30.0668° N, 79.0193° E",Maize_waste,2612.0,13.61,High
Madhya Pradesh,"22.2587° N, 71.1924° E",Nut_shells,1862.0,12.86,Medium
Rajasthan,"28.2170° N, 94.7278° E",Pineapple_leaves,1087.0,42.91,High
Tamil Nadu,"15.3173° N, 75.7139° E",Mixed_Stalks,3298.0,32.06,High
Tripura,"18.1124° N, 79.0193° E",Maize_waste,2415.0,29.97,Low
Karnataka,"15.3173° N, 75.7139° E",Straw_Waste,1399.0,12.57,High
Chhattisgarh,"28.2170° N, 94.7278° E",Straw_Waste,1076.0,5.1,Medium
Tamil Nadu,"10.8505° N, 76.2711° E",Straw_Waste,1547.0,17.21,High
Haryana,"27.0238° N, 74.2179° E",Straw_Waste,2173.0,9.91,High
Karnataka,"26.8467° N, 80.9462° E",Maize_waste,4700.0,35.73,High
Maharashtra,"28.2170° N, 94.7278° E",Nut_shells,678.0,33.31,Medium
Maharashtra,"22.9868° N, 87.8550° E",Mixed_Stalks,1892.0,14.91,Medium
Karnataka,"22.9734° N, 78.6569° E",Maize_waste,2036.0,3.91,Medium
Maharashtra,"25.0961° N, 85.3131° E",Straw_Waste,3551.0,24.54,Medium
Tamil Nadu,"23.9408° N, 91.9882° E",Straw_Waste,241.0,31.32,High
West Bengal,"23.9408° N, 91.9882° E",Mixed_Stalks,4896.0,2.26,Medium
Bihar,"27.5330° N, 88.5122° E",Maize_waste,4797.0,24.22,High
Rajasthan,"27.5330° N, 88.5122° E",Maize_waste,2529.0,15.34,Low
Rajasthan,"31.1048° N, 77.1734° E",Banana_stems,1912.0,18.57,Low
Rajasthan,"31.1471° N, 75.3412° E",Mixed_Stalks,1617.0,49.66,High
Tamil Nadu,"11.1271° N, 78.6569° E",Straw_Waste,3339.0,22.25,High
Goa,"18.1124° N, 79.0193° E",Straw_Waste,3472.0,36.48,Medium
Madhya Pradesh,"19.7515° N, 75.7139° E",Sugarcane_bagasse,3841.0,14.37,Medium
Telangana,"23.6102° N, 85.2799° E",Maize_waste,4133.0,33.93,High
Nagaland,"31.1048° N, 77.1734° E",Straw_Waste,1874.0,22.11,Low
Goa,"26.8467° N, 80.9462° E",Straw_Waste,4106.0,21.81,Medium
Chhattisgarh,"15.9129° N, 79.7400° E",Straw_Waste,1966.0,30.74,Medium
Uttar Pradesh,"30.0668° N, 79.0193° E",Straw_Waste,870.0,36.75,Low
Andhra Pradesh,"24.6637° N, 93.9063° E",Maize_waste,486.0,27.63,Low
Rajasthan,"15.2993° N, 74.1240° E",Straw_Waste,2382.0,25.33,Medium
Karnataka,"23.9408° N, 91.9882° E",Straw_Waste,1531.0,33.31,High
Himachal Pradesh,"26.1584° N, 94.5624° E",Straw_Waste,3600.0,15.22,High
Manipur,"27.5330° N, 88.5122° E",Bamboo_waste,1923.0,41.48,Low
Kerala,"31.1471° N, 75.3412° E",Nut_shells,2141.0,19.76,High
Mizoram,"10.8505° N, 76.2711° E",Straw_Waste,3461.0,10.01,Low
Arunachal Pradesh,"20.9517° N, 85.0985° E",Mixed_Stalks,3364.0,47.44,Low
Chhattisgarh,"31.1048° N, 77.1734° E",Mixed_Stalks,1542.0,18.35,Low
Goa,"23.9408° N, 91.9882° E",Straw_Waste,1929.0,42.66,Medium
Uttar Pradesh,"22.9868° N, 87.8550° E",Nut_shells,1154.0,35.04,High
Manipur,"22.9868° N, 87.8550° E",Banana_stems,542.0,27.53,High
Madhya Pradesh,"19.7515° N, 75.7139° E",Sugarcane_bagasse,4558.0,20.62,Medium
Tripura,"26.2006° N, 92.9376° E",Straw_Waste,4440.0,15.88,High
Odisha,"27.0238° N, 74.2179° E",Straw_Waste,3258.0,23.32,Low
Tripura,"24.6637° N, 93.9063° E",Mixed_Stalks,4254.0,48.13,High
Meghalaya,"18.1124° N, 79.0193° E",Nut_shells,4263.0,49.05,High
Gujarat,"23.1645° N, 92.9376° E",Straw_Waste,2490.0,23.14,High
Meghalaya,"11.1271° N, 78.6569° E",Straw_Waste,4957.0,4.77,Medium
Sikkim,"15.2993° N, 74.1240° E",Straw_Waste,1622.0,9.93,High
Nagaland,"22.2587° N, 71.1924° E",Straw_Waste,2286.0,11.95,High
Nagaland,"31.1048° N, 77.1734° E",Straw_Waste,1337.0,29.33,Medium
Odisha,"31.1471° N, 75.3412° E",Sugarcane_bagasse,2667.0,3.89,High
Nagaland,"30.0668° N, 79.0193° E",Straw_Waste,2146.0,48.27,Low
Goa,"30.0668° N, 79.0193° E",Straw_Waste,3730.0,43.76,High
Goa,"31.1471° N, 75.3412° E",Mixed_Stalks,1076.0,34.68,High
Goa,"26.2006° N, 92.9376° E",Apple_pomace,982.0,24.21,Medium
Nagaland,"20.9517° N, 85.0985° E",Nut_shells,3588.0,29.01,High
Uttar Pradesh,"23.9408° N, 91.9882° E",Apple_pomace,3902.0,21.56,High
Telangana,"28.2170° N, 94.7278° E",Straw_Waste,464.0,24.87,Low
Bihar,"26.8467° N, 80.9462° E",Straw_Waste,2484.0,42.65,Medium
Odisha,"28.2170° N, 94.7278° E",Straw_Waste,1042.0,32.08,Low
Tripura,"25.4670° N, 91.3662° E",Nut_shells,3520.0,3.47,Low
Chhattisgarh,"27.0238° N, 74.2179° E",Sugarcane_bagasse,2099.0,41.35,High
Nagaland,"22.9868° N, 87.8550° E",Maize_waste,4252.0,40.08,Medium
Tripura,"25.0961° N, 85.3131° E",Mixed_Stalks,4308.0,6.31,Medium
Arunachal Pradesh,"15.9129° N, 79.7400° E",Maize_waste,124.0,32.38,Low
Gujarat,"31.1471° N, 75.3412° E",Maize_waste,2335.0,33.61,Medium
Nagaland,"26.1584° N, 94.5624° E",Sugarcane_bagasse,3275.0,21.16,Medium
Manipur,"25.4670° N, 91.3662° E",Maize_waste,1198.0,18.74,High
Gujarat,"11.1271° N, 78.6569° E",Maize_waste,2192.0,47.85,Medium
Haryana,"15.9129° N, 79.7400° E",Straw_Waste,2522.0,42.42,Medium
Andhra Pradesh,"15.9129° N, 79.7400° E",Mixed_Stalks,2258.0,12.13,Low
Arunachal Pradesh,"25.0961° N, 85.3131° E",Nut_shells,1073.0,9.31,Low
Uttarakhand,"24.6637° N, 93.9063° E",Straw_Waste,1688.0,42.43,High
Manipur,"30.0668° N, 79.0193° E",Mixed_Stalks,1656.0,12.3,Medium
Madhya Pradesh,"15.3173° N, 75.7139° E",Straw_Waste,2484.0,36.55,Low
Chhattisgarh,"26.1584° N, 94.5624° E",Maize_waste,1689.0,5.45,Medium
Tripura,"19.7515° N, 75.7139° E",Sugarcane_bagasse,1111.0,16.55,Medium
Manipur,"28.2170° N, 94.7278° E",Mixed_Stalks,1135.0,25.84,Medium
Himachal Pradesh,"22.9868° N, 87.8550° E",Bamboo_waste,1364.0,26.53,Medium
Meghalaya,"15.3173° N, 75.7139° E",Maize_waste,3514.0,30.0,High
Sikkim,"24.6637° N, 93.9063° E",Mixed_Stalks,4828.0,19.29,Low
Maharashtra,"23.1645° N, 92.9376° E",Mixed_Stalks,918.0,22.82,High
Telangana,"22.9868° N, 87.8550° E",Nut_shells,3592.0,7.57,Low
Manipur,"23.1645° N, 92.9376° E",Sugarcane_bagasse,3900.0,35.79,Low
Kerala,"15.3173° N, 75.7139° E",Sugarcane_bagasse,334.0,33.99,Low
Sikkim,"15.2993° N, 74.1240° E",Apple_pomace,3623.0,35.72,High
Karnataka,"23.6102° N, 85.2799° E",Straw_Waste,1416.0,4.31,High
Punjab,"19.7515° N, 75.7139° E",Mixed_Stalks,1478.0,23.97,Medium
Gujarat,"26.1584° N, 94.5624° E",Mixed_Stalks,991.0,43.23,High
Odisha,"22.2587° N, 71.1924° E",Maize_waste,2178.0,36.54,High
Odisha,"15.2993° N, 74.1240° E",Maize_waste,2105.0,12.36,High
Tamil Nadu,"11.1271° N, 78.6569° E",Bamboo_waste,4076.0,8.56,Low
Himachal Pradesh,"28.2170° N, 94.7278° E",Mixed_Stalks,1039.0,20.97,High
Nagaland,"15.3173° N, 75.7139° E",Maize_waste,1648.0,4.79,Medium
Chhattisgarh,"30.0668° N, 79.0193° E",Mixed_Stalks,2200.0,35.03,High
Odisha,"10.8505° N, 76.2711° E",Sugarcane_bagasse,2105.0,36.05,High
Nagaland,"22.9734° N, 78.6569° E",Maize_waste,2258.0,17.85,Medium
Manipur,"27.5330° N, 88.5122° E",Straw_Waste,839.0,4.0,Low
Andhra Pradesh,"23.6102° N, 85.2799° E",Straw_Waste,3327.0,14.83,High
Maharashtra,"15.2993° N, 74.1240° E",Sugarcane_bagasse,3864.0,5.67,High
Rajasthan,"23.1645° N, 92.9376° E",Straw_Waste,3562.0,2.84,Medium
Mizoram,"22.9868° N, 87.8550° E",Straw_Waste,2903.0,32.81,Low
Nagaland,"18.1124° N, 79.0193° E",Straw_Waste,4652.0,28.25,Low
West Bengal,"25.0961° N, 85.3131° E",Straw_Waste,3385.0,9.31,Low
Mizoram,"23.1645° N, 92.9376° E",Mixed_Stalks,3376.0,37.88,Low
Arunachal Pradesh,"22.9734° N, 78.6569° E",Straw_Waste,492.0,13.48,High
Haryana,"25.4670° N, 91.3662° E",Mixed_Stalks,377.0,19.55,Low
Sikkim,"25.0961° N, 85.3131° E",Mixed_Stalks,3612.0,31.88,Low
Jharkhand,"15.2993° N, 74.1240° E",Mixed_Stalks,3864.0,27.31,Low
Maharashtra,"15.2993° N, 74.1240° E",Maize_waste,1172.0,47.47,Medium
Uttarakhand,"18.1124° N, 79.0193° E",Straw_Waste,4881.0,4.99,High
Jharkhand,"26.8467° N, 80.9462° E",Mixed_Stalks,2395.0,8.45,Medium
Haryana,"25.4670° N, 91.3662° E",Sugarcane_bagasse,2600.0,31.8,High
Himachal Pradesh,"22.2587° N, 71.1924° E",Maize_waste,2449.0,22.78,High
Manipur,"26.2006° N, 92.9376° E",Straw_Waste,2667.0,12.04,Low
Mizoram,"31.1048° N, 77.1734° E",Maize_waste,2480.0,27.31,Low
Sikkim,"26.2006° N, 92.9376° E",Mixed_Stalks,4775.0,47.67,Low
Goa,"15.2993° N, 74.1240° E",Straw_Waste,969.0,31.87,Medium
Sikkim,"26.8467° N, 80.9462° E",Straw_Waste,3742.0,19.04,High
Sikkim,"30.0668° N, 79.0193° E",Straw_Waste,1029.0,38.35,High
Bihar,"24.6637° N, 93.9063° E",Maize_waste,2119.0,13.87,High
Himachal Pradesh,"23.6102° N, 85.2799° E",Banana_stems,2901.0,39.04,High
Chhattisgarh,"20.9517° N, 85.0985° E",Maize_waste,3719.0,19.14,Medium
Sikkim,"15.3173° N, 75.7139° E",Banana_stems,2317.0,17.44,Medium
Bihar,"18.1124° N, 79.0193° E",Sugarcane_bagasse,2937.0,22.58,High
Arunachal Pradesh,"27.5330° N, 88.5122° E",Mixed_Stalks,1296.0,7.69,High
West Bengal,"19.7515° N, 75.7139° E",Bamboo_waste,2276.0,4.16,High
Tripura,"28.2170° N, 94.7278° E",Maize_waste,2551.0,38.2,Low
Tripura,"31.1471° N, 75.3412° E",Sugarcane_bagasse,4029.0,19.14,Medium
Uttar Pradesh,"24.6637° N, 93.9063° E",Maize_waste,792.0,19.21,High
Andhra Pradesh,"22.9734° N, 78.6569° E",Straw_Waste,3799.0,3.32,High
Rajasthan,"27.0238° N, 74.2179° E",Straw_Waste,2013.0,47.9,Medium
West Bengal,"11.1271° N, 78.6569° E",Mixed_Stalks,2880.0,22.71,Low
Uttar Pradesh,"15.3173° N, 75.7139° E",Straw_Waste,2735.0,38.42,Low
Bihar,"18.1124° N, 79.0193° E",Straw_Waste,4747.0,21.25,High
Kerala,"27.0238° N, 74.2179° E",Maize_waste,1522.0,28.14,Medium
Bihar,"27.0238° N, 74.2179° E",Maize_waste,3318.0,30.5,High
Haryana,"26.1584° N, 94.5624° E",Straw_Waste,1490.0,40.92,High
Nagaland,"23.1645° N, 92.9376° E",Straw_Waste,3707.0,18.92,Low
Tripura,"10.8505° N, 76.2711° E",Straw_Waste,378.0,46.69,High
Uttarakhand,"27.0238° N, 74.2179° E",Maize_waste,1480.0,36.71,Low
Odisha,"15.3173° N, 75.7139° E",Maize_waste,483.0,2.07,High
Odisha,"26.8467° N, 80.9462° E",Maize_waste,2898.0,21.97,High
Tripura,"24.6637° N, 93.9063° E",Straw_Waste,1235.0,41.21,High
Telangana,"18.1124° N, 79.0193° E",Maize_waste,3911.0,49.27,Low
Uttarakhand,"15.3173° N, 75.7139° E",Maize_waste,371.0,5.77,Low
Meghalaya,"23.1645° N, 92.9376° E",Straw_Waste,1076.0,47.71,Medium
Himachal Pradesh,"28.2170° N, 94.7278° E",Maize_waste,252.0,8.24,High
Tripura,"15.9129° N, 79.7400° E",Straw_Waste,2710.0,19.73,High
Andhra Pradesh,"31.1471° N, 75.3412° E",Straw_Waste,3594.0,24.16,High
Himachal Pradesh,"23.1645° N, 92.9376° E",Mixed_Stalks,2624.0,8.82,Medium
Jharkhand,"26.8467° N, 80.9462° E",Straw_Waste,1638.0,7.71,Medium
Telangana,"18.1124° N, 79.0193° E",Straw_Waste,2330.0,28.37,High
Nagaland,"25.4670° N, 91.3662° E",Maize_waste,1251.0,45.52,Medium
Sikkim,"26.8467° N, 80.9462° E",Straw_Waste,2635.0,40.28,High
Mizoram,"22.9868° N, 87.8550° E",Pineapple_leaves,3486.0,26.05,Medium
Jharkhand,"30.0668° N, 79.0193° E",Straw_Waste,1576.0,36.49,Low
Telangana,"26.1584° N, 94.5624° E",Straw_Waste,2863.0,12.88,Low
Jharkhand,"25.4670° N, 91.3662° E",Pineapple_leaves,2575.0,15.92,Medium
Odisha,"25.0961° N, 85.3131° E",Straw_Waste,3377.0,31.99,Low
Haryana,"22.9868° N, 87.8550° E",Straw_Waste,3350.0,2.58,High
Goa,"30.0668° N, 79.0193° E",Nut_shells,2024.0,18.94,High
Assam,"19.7515° N, 75.7139° E",Groundnut_shells,987.0,39.62,Medium
Telangana,"27.0238° N, 74.2179° E",Straw_Waste,4921.0,17.96,Low
Punjab,"28.2170° N, 94.7278° E",Straw_Waste,3865.0,37.21,Medium
Kerala,"23.6102° N, 85.2799° E",Maize_waste,4955.0,49.54,Medium
Chhattisgarh,"27.0238° N, 74.2179° E",Maize_waste,301.0,10.61,Medium
Assam,"19.7515° N, 75.7139° E",Mixed_Stalks,2088.0,11.11,High
Tripura,"15.2993° N, 74.1240° E",Straw_Waste,2534.0,11.86,High
Haryana,"15.9129° N, 79.7400° E",Banana_stems,2733.0,35.11,Medium
Maharashtra,"24.6637° N, 93.9063° E",Straw_Waste,2700.0,6.42,Low
Nagaland,"18.1124° N, 79.0193° E",Sugarcane_bagasse,2949.0,35.78,Medium
Maharashtra,"21.2787° N, 81.8661° E",Straw_Waste,4676.0,34.26,Medium
Nagaland,"15.9129° N, 79.7400° E",Straw_Waste,1188.0,7.62,Low
Uttarakhand,"29.0588° N, 76.0856° E",Nut_shells,3094.0,44.38,Low
Karnataka,"26.1584° N, 94.5624° E",Bamboo_waste,2561.0,34.65,High
Arunachal Pradesh,"25.0961° N, 85.3131° E",Straw_Waste,182.0,47.96,Medium
Tamil Nadu,"27.0238° N, 74.2179° E",Maize_waste,275.0,33.92,High
Uttarakhand,"23.9408° N, 91.9882° E",Straw_Waste,1879.0,37.92,High
Arunachal Pradesh,"24.6637° N, 93.9063° E",Straw_Waste,3062.0,30.29,Medium
Rajasthan,"27.0238° N, 74.2179° E",Pineapple_leaves,2359.0,11.79,High
Kerala,"18.1124° N, 79.0193° E",Maize_waste,2884.0,12.29,Medium
Telangana,"23.1645° N, 92.9376° E",Straw_Waste,2350.0,24.03,Low
Mizoram,"15.2993° N, 74.1240° E",Straw_Waste,4533.0,19.87,Low
Himachal Pradesh,"20.9517° N, 85.0985° E",Straw_Waste,2466.0,28.12,High
Andhra Pradesh,"22.9868° N, 87.8550° E",Mixed_Stalks,702.0,27.03,Low
Chhattisgarh,"26.2006° N, 92.9376° E",Maize_waste,394.0,14.9,High
Odisha,"21.2787° N, 81.8661° E",Maize_waste,4763.0,39.79,Medium
Sikkim,"20.9517° N, 85.0985° E",Straw_Waste,2567.0,27.68,High
Haryana,"19.7515° N, 75.7139° E",Maize_waste,162.0,16.03,Low
Gujarat,"28.2170° N, 94.7278° E",Nut_shells,4451.0,21.57,High
Kerala,"28.2170° N, 94.7278° E",Mixed_Stalks,3378.0,15.49,Medium
Andhra Pradesh,"20.9517° N, 85.0985° E",Maize_waste,1024.0,5.38,Low
Karnataka,"23.9408° N, 91.9882° E",Straw_Waste,2768.0,41.67,High
Arunachal Pradesh,"26.2006° N, 92.9376° E",Straw_Waste,295.0,46.38,Low
Rajasthan,"10.8505° N, 76.2711° E",Straw_Waste,376.0,37.64,Medium
Kerala,"22.9734° N, 78.6569° E",Straw_Waste,2691.0,40.85,High
Tamil Nadu,"27.0238° N, 74.2179° E",Straw_Waste,4509.0,47.17,High
Chhattisgarh,"26.2006° N, 92.9376° E",Straw_Waste,2256.0,26.15,Medium
Assam,"27.0238° N, 74.2179° E",Nut_shells,2612.0,18.55,Low
Karnataka,"21.2787° N, 81.8661° E",Straw_Waste,3410.0,34.33,High
Tamil Nadu,"26.8467° N, 80.9462° E",Straw_Waste,1747.0,7.64,High
Punjab,"15.3173° N, 75.7139° E",Sugarcane_bagasse,584.0,37.16,Medium
Karnataka,"30.0668° N, 79.0193° E",Straw_Waste,820.0,21.88,High
Chhattisgarh,"18.1124° N, 79.0193° E",Straw_Waste,3079.0,7.68,Medium
Goa,"22.2587° N, 71.1924° E",Straw_Waste,2394.0,13.7,Medium
Uttarakhand,"29.0588° N, 76.0856° E",Mixed_Stalks,2510.0,28.73,Low
Mizoram,"23.6102° N, 85.2799° E",Maize_waste,548.0,11.78,Low
Uttarakhand,"15.9129° N, 79.7400° E",Bamboo_waste,4288.0,27.56,High
Tripura,"30.0668° N, 79.0193° E",Straw_Waste,4490.0,8.86,High
Bihar,"22.2587° N, 71.1924° E",Straw_Waste,4500.0,34.59,High
Punjab,"30.0668° N, 79.0193° E",Straw_Waste,1876.0,31.34,Low
Arunachal Pradesh,"29.0588° N, 76.0856° E",Straw_Waste,3800.0,12.65,Medium
Madhya Pradesh,"30.0668° N, 79.0193° E",Mixed_Stalks,1196.0,27.71,High
Karnataka,"29.0588° N, 76.0856° E",Mixed_Stalks,2646.0,8.11,Low
Bihar,"22.2587° N, 71.1924° E",Straw_Waste,4534.0,41.39,High
Arunachal Pradesh,"15.2993° N, 74.1240° E",Straw_Waste,3089.0,20.62,Medium
Andhra Pradesh,"25.4670° N, 91.3662° E",Maize_waste,2681.0,25.0,Low
Punjab,"26.1584° N, 94.5624° E",Straw_Waste,831.0,28.19,Medium
Himachal Pradesh,"15.9129° N, 79.7400° E",Mixed_Stalks,2704.0,49.48,High
Rajasthan,"24.6637° N, 93.9063° E",Maize_waste,102.0,18.82,Low
Arunachal Pradesh,"26.8467° N, 80.9462° E",Nut_shells,3293.0,18.8,Low
Andhra Pradesh,"23.9408° N, 91.9882° E",Straw_Waste,770.0,40.62,High
Telangana,"22.9734° N, 78.6569° E",Maize_waste,349.0,28.31,Low
Punjab,"25.4670° N, 91.3662° E",Sugarcane_bagasse,3892.0,2.7,Medium
Sikkim,"24.6637° N, 93.9063° E",Straw_Waste,3263.0,11.36,High
Meghalaya,"28.2170° N, 94.7278° E",Sugarcane_bagasse,903.0,42.92,High
Rajasthan,"15.2993° N, 74.1240° E",Mixed_Stalks,3616.0,36.39,Medium
Bihar,"31.1471° N, 75.3412° E",Straw_Waste,1054.0,43.35,Medium
Chhattisgarh,"27.5330° N, 88.5122° E",Nut_shells,3378.0,28.78,Medium
Tripura,"15.2993° N, 74.1240° E",Straw_Waste,957.0,23.64,High
Tripura,"20.9517° N, 85.0985° E",Straw_Waste,4390.0,47.08,Medium
Andhra Pradesh,"24.6637° N, 93.9063° E",Straw_Waste,4351.0,24.23,High
Maharashtra,"26.1584° N, 94.5624° E",Straw_Waste,3146.0,39.29,Medium
West Bengal,"26.2006° N, 92.9376° E",Banana_stems,1463.0,39.14,High
Bihar,"15.9129° N, 79.7400° E",Straw_Waste,2681.0,3.62,High
Nagaland,"29.0588° N, 76.0856° E",Straw_Waste,2975.0,3.87,Low
Assam,"22.9734° N, 78.6569° E",Mixed_Stalks,465.0,44.63,Low
Gujarat,"20.9517° N, 85.0985° E",Maize_waste,2478.0,41.01,High
Odisha,"18.1124° N, 79.0193° E",Sugarcane_bagasse,3447.0,45.35,High
Maharashtra,"25.4670° N, 91.3662° E",Maize_waste,1574.0,49.89,Medium
Haryana,"29.0588° N, 76.0856° E",Mixed_Stalks,2950.0,3.08,Low
Uttarakhand,"26.1584° N, 94.5624° E",Nut_shells,265.0,2.82,Low
Meghalaya,"22.9868° N, 87.8550° E",Straw_Waste,3939.0,31.74,Medium
Haryana,"26.2006° N, 92.9376° E",Sugarcane_bagasse,3296.0,30.17,High
Manipur,"23.6102° N, 85.2799° E",Maize_waste,3621.0,35.96,Low
Jharkhand,"18.1124° N, 79.0193° E",Straw_Waste,3002.0,46.55,Medium
Maharashtra,"26.2006° N, 92.9376° E",Straw_Waste,3734.0,23.27,Medium
Tripura,"27.0238° N, 74.2179° E",Maize_waste,1137.0,4.56,Low
Himachal Pradesh,"19.7515° N, 75.7139° E",Straw_Waste,1198.0,10.03,High
Rajasthan,"22.9734° N, 78.6569° E",Mixed_Stalks,2605.0,28.63,High
Bihar,"28.2170° N, 94.7278° E",Straw_Waste,1778.0,11.8,Medium
Tripura,"18.1124° N, 79.0193° E",Apple_pomace,4288.0,47.54,Medium
Mizoram,"22.9868° N, 87.8550° E",Maize_waste,306.0,42.23,High
Manipur,"20.9517° N, 85.0985° E",Maize_waste,3355.0,47.77,High
Odisha,"23.9408° N, 91.9882° E",Maize_waste,3975.0,5.77,High
Punjab,"27.5330° N, 88.5122° E",Nut_shells,4491.0,13.08,High
Jharkhand,"26.8467° N, 80.9462° E",Straw_Waste,1041.0,33.63,Medium
Telangana,"22.9868° N, 87.8550° E",Maize_waste,2302.0,37.4,Low
Nagaland,"26.8467° N, 80.9462° E",Maize_waste,1928.0,45.07,Medium
West Bengal,"25.0961° N, 85.3131° E",Straw_Waste,2754.0,39.24,High
Punjab,"30.0668° N, 79.0193° E",Straw_Waste,3956.0,42.92,Medium
Mizoram,"23.9408° N, 91.9882° E",Straw_Waste,2511.0,10.07,Low
Tripura,"20.9517° N, 85.0985° E",Banana_stems,4759.0,23.05,Low
Punjab,"25.0961° N, 85.3131° E",Straw_Waste,4431.0,15.36,Low
Bihar,"24.6637° N, 93.9063° E",Maize_waste,1183.0,41.68,High
Gujarat,"25.4670° N, 91.3662° E",Maize_waste,2248.0,10.17,Medium
Odisha,"10.8505° N, 76.2711° E",Mixed_Stalks,3813.0,41.81,Low
Meghalaya,"26.2006° N, 92.9376° E",Maize_waste,1389.0,26.26,High
Sikkim,"18.1124° N, 79.0193° E",Nut_shells,3316.0,23.2,Low
West Bengal,"27.0238° N, 74.2179° E",Straw_Waste,325.0,24.0,High
Telangana,"31.1048° N, 77.1734° E",Straw_Waste,2253.0,17.07,Low
Gujarat,"31.1048° N, 77.1734° E",Maize_waste,2540.0,47.14,Medium
Karnataka,"31.1048° N, 77.1734° E",Mixed_Stalks,546.0,28.86,Low
Bihar,"26.1584° N, 94.5624° E",Maize_waste,3059.0,17.76,High
Meghalaya,"31.1471° N, 75.3412° E",Mixed_Stalks,3024.0,47.67,High
Madhya Pradesh,"22.2587° N, 71.1924° E",Straw_Waste,4505.0,13.03,Low
Madhya Pradesh,"22.2587° N, 71.1924° E",Maize_waste,3358.0,8.78,Medium
Maharashtra,"30.0668° N, 79.0193° E",Maize_waste,1766.0,10.78,Medium
Karnataka,"25.4670° N, 91.3662° E",Maize_waste,2394.0,29.42,High
Gujarat,"25.4670° N, 91.3662° E",Straw_Waste,3053.0,19.63,Low
Tripura,"25.4670° N, 91.3662° E",Straw_Waste,4008.0,10.41,High
Rajasthan,"25.4670° N, 91.3662° E",Sugarcane_bagasse,2909.0,27.05,Low
Tamil Nadu,"27.0238° N, 74.2179° E",Pineapple_leaves,375.0,20.07,High
Kerala,"25.0961° N, 85.3131° E",Pineapple_leaves,4304.0,47.34,Low
Gujarat,"31.1471° N, 75.3412° E",Straw_Waste,1620.0,39.08,Low
West Bengal,"15.9129° N, 79.7400° E",Maize_waste,821.0,26.62,Medium
Gujarat,"25.4670° N, 91.3662° E",Pineapple_leaves,1856.0,35.99,Medium
Sikkim,"15.3173° N, 75.7139° E",Maize_waste,1747.0,18.34,High
Haryana,"21.2787° N, 81.8661° E",Sugarcane_bagasse,2861.0,39.13,High
Manipur,"23.1645° N, 92.9376° E",Sugarcane_bagasse,2796.0,42.28,Low
Nagaland,"15.2993° N, 74.1240° E",Bamboo_waste,3891.0,13.4,Low
Mizoram,"11.1271° N, 78.6569° E",Groundnut_shells,3051.0,15.49,Medium
Andhra Pradesh,"27.5330° N, 88.5122° E",Straw_Waste,3213.0,20.82,Low
Sikkim,"25.4670° N, 91.3662° E",Apple_pomace,1604.0,13.37,High
Karnataka,"31.1471° N, 75.3412° E",Nut_shells,1691.0,20.59,Medium
Odisha,"11.1271° N, 78.6569° E",Straw_Waste,1356.0,15.57,Low
Kerala,"23.9408° N, 91.9882° E",Sugarcane_bagasse,1573.0,34.06,Low
Maharashtra,"31.1048° N, 77.1734° E",Mixed_Stalks,3318.0,11.23,Medium
West Bengal,"20.9517° N, 85.0985° E",Straw_Waste,3897.0,15.32,High
Gujarat,"26.8467° N, 80.9462° E",Maize_waste,3276.0,18.65,Medium
Nagaland,"11.1271° N, 78.6569° E",Straw_Waste,4991.0,14.53,Medium
Punjab,"23.1645° N, 92.9376° E",Nut_shells,4667.0,19.88,Medium
Telangana,"29.0588° N, 76.0856° E",Mixed_Stalks,3458.0,9.22,Medium
Madhya Pradesh,"23.1645° N, 92.9376° E",Maize_waste,1373.0,2.24,Medium
Madhya Pradesh,"23.6102° N, 85.2799° E",Straw_Waste,3181.0,10.51,High
Maharashtra,"29.0588° N, 76.0856° E",Straw_Waste,370.0,24.19,Medium
Sikkim,"22.9734° N, 78.6569° E",Straw_Waste,2498.0,19.12,High
Kerala,"18.1124° N, 79.0193° E",Straw_Waste,228.0,23.12,Medium
Arunachal Pradesh,"15.3173° N, 75.7139° E",Straw_Waste,727.0,7.75,Medium
Haryana,"11.1271° N, 78.6569° E",Sugarcane_bagasse,1074.0,22.82,High
Tripura,"27.5330° N, 88.5122° E",Maize_waste,1426.0,2.73,Low
Karnataka,"19.7515° N, 75.7139° E",Straw_Waste,2873.0,27.11,High
Tripura,"21.2787° N, 81.8661° E",Straw_Waste,1108.0,5.97,High
Assam,"11.1271° N, 78.6569° E",Straw_Waste,410.0,19.35,Low
Odisha,"24.6637° N, 93.9063° E",Straw_Waste,684.0,44.99,Low
Uttar Pradesh,"24.6637° N, 93.9063° E",Nut_shells,2111.0,12.71,Low
Gujarat,"25.0961° N, 85.3131° E",Maize_waste,831.0,49.21,Medium
Meghalaya,"15.3173° N, 75.7139° E",Mixed_Stalks,4869.0,4.42,High
Andhra Pradesh,"22.9868° N, 87.8550° E",Nut_shells,4747.0,49.49,High
Rajasthan,"30.0668° N, 79.0193° E",Mixed_Stalks,4600.0,37.77,Medium
Nagaland,"11.1271° N, 78.6569° E",Straw_Waste,3858.0,4.49,Medium
Gujarat,"31.1048° N, 77.1734° E",Maize_waste,4691.0,25.14,Medium
Tamil Nadu,"22.2587° N, 71.1924° E",Straw_Waste,171.0,40.8,High
Gujarat,"23.9408° N, 91.9882° E",Straw_Waste,1368.0,11.8,Low
Karnataka,"23.9408° N, 91.9882° E",Nut_shells,3176.0,16.97,Medium
Tripura,"31.1048° N, 77.1734° E",Pineapple_leaves,4721.0,42.55,Low
West Bengal,"29.0588° N, 76.0856° E",Straw_Waste,4770.0,47.05,High
Nagaland,"23.6102° N, 85.2799° E",Maize_waste,1735.0,34.7,Medium
Punjab,"10.8505° N, 76.2711° E",Apple_pomace,3498.0,14.26,High
Meghalaya,"26.1584° N, 94.5624° E",Mixed_Stalks,4137.0,34.44,High
Arunachal Pradesh,"31.1471° N, 75.3412° E",Straw_Waste,4927.0,45.55,High
Maharashtra,"25.4670° N, 91.3662° E",Straw_Waste,4966.0,13.11,Low
Meghalaya,"21.2787° N, 81.8661° E",Straw_Waste,1680.0,42.15,Medium
Uttar Pradesh,"31.1471° N, 75.3412° E",Mixed_Stalks,3484.0,15.71,Medium
Himachal Pradesh,"23.9408° N, 91.9882° E",Straw_Waste,2880.0,21.11,High
Tamil Nadu,"10.8505° N, 76.2711° E",Straw_Waste,2497.0,27.93,High
Arunachal Pradesh,"24.6637° N, 93.9063° E",Nut_shells,2153.0,14.06,Low
Punjab,"25.4670° N, 91.3662° E",Straw_Waste,1864.0,45.28,Medium
West Bengal,"28.2170° N, 94.7278° E",Mixed_Stalks,3822.0,36.22,Low
Rajasthan,"23.6102° N, 85.2799° E",Straw_Waste,2563.0,34.21,Medium
Karnataka,"15.9129° N, 79.7400° E",Maize_waste,2297.0,39.6,High
Rajasthan,"28.2170° N, 94.7278° E",Straw_Waste,2223.0,33.66,Medium
Tripura,"27.0238° N, 74.2179° E",Straw_Waste,1914.0,5.15,High
Assam,"18.1124° N, 79.0193° E",Sugarcane_bagasse,4225.0,39.26,Medium
West Bengal,"18.1124° N, 79.0193° E",Straw_Waste,3196.0,40.27,Low
Manipur,"22.9868° N, 87.8550° E",Mixed_Stalks,1148.0,33.76,Medium
Nagaland,"15.2993° N, 74.1240° E",Nut_shells,1720.0,42.08,High
Andhra Pradesh,"15.2993° N, 74.1240° E",Mixed_Stalks,1077.0,4.43,Low
Tripura,"26.8467° N, 80.9462° E",Maize_waste,4678.0,3.38,Medium
Assam,"27.5330° N, 88.5122° E",Maize_waste,530.0,13.9,Medium
Gujarat,"28.2170° N, 94.7278° E",Straw_Waste,2430.0,29.17,Low
Telangana,"22.9868° N, 87.8550° E",Sugarcane_bagasse,4770.0,4.43,High
Sikkim,"31.1048° N, 77.1734° E",Apple_pomace,4571.0,14.45,High
Haryana,"26.1584° N, 94.5624° E",Mixed_Stalks,4825.0,18.2,Low
Haryana,"22.2587° N, 71.1924° E",Maize_waste,1194.0,4.46,High
Manipur,"28.2170° N, 94.7278° E",Straw_Waste,4423.0,35.3,Low
Karnataka,"20.9517° N, 85.0985° E",Sugarcane_bagasse,384.0,9.16,Low
Nagaland,"15.9129° N, 79.7400° E",Nut_shells,4419.0,34.63,High
Manipur,"11.1271° N, 78.6569° E",Straw_Waste,4666.0,40.54,Low
Uttarakhand,"24.6637° N, 93.9063° E",Maize_waste,2681.0,18.19,Low
Punjab,"26.8467° N, 80.9462° E",Straw_Waste,3506.0,41.65,Medium
Arunachal Pradesh,"23.9408° N, 91.9882° E",Maize_waste,3688.0,9.5,High
Odisha,"15.3173° N, 75.7139° E",Pineapple_leaves,3136.0,49.51,High
Chhattisgarh,"27.0238° N, 74.2179° E",Straw_Waste,2282.0,7.63,Medium
Nagaland,"15.3173° N, 75.7139° E",Straw_Waste,1730.0,24.45,Low
Uttar Pradesh,"21.2787° N, 81.8661° E",Sugarcane_bagasse,2463.0,33.94,Low
Meghalaya,"27.5330° N, 88.5122° E",Banana_stems,2276.0,8.2,High
Bihar,"22.9734° N, 78.6569° E",Straw_Waste,405.0,14.17,Medium
Goa,"19.7515° N, 75.7139° E",Maize_waste,420.0,33.3,High
Bihar,"15.9129° N, 79.7400° E",Mixed_Stalks,1231.0,4.93,Low
Tripura,"27.5330° N, 88.5122° E",Nut_shells,111.0,9.29,Low
Andhra Pradesh,"23.9408° N, 91.9882° E",Straw_Waste,2177.0,20.15,Low
Chhattisgarh,"27.0238° N, 74.2179° E",Straw_Waste,944.0,33.73,Medium
Telangana,"20.9517° N, 85.0985° E",Maize_waste,1360.0,31.09,Low
Maharashtra,"27.0238° N, 74.2179° E",Straw_Waste,2309.0,10.81,High
Goa,"31.1471° N, 75.3412° E",Straw_Waste,4783.0,3.34,Medium
Mizoram,"18.1124° N, 79.0193° E",Maize_waste,4255.0,39.32,Low
Nagaland,"10.8505° N, 76.2711° E",Maize_waste,1509.0,33.86,Medium
Manipur,"29.0588° N, 76.0856° E",Nut_shells,2760.0,29.69,High
Kerala,"15.3173° N, 75.7139° E",Maize_waste,2769.0,6.31,Medium
Gujarat,"23.1645° N, 92.9376° E",Nut_shells,4231.0,49.59,Medium
Haryana,"26.1584° N, 94.5624° E",Mixed_Stalks,2876.0,16.78,High
Jharkhand,"31.1048° N, 77.1734° E",Maize_waste,294.0,14.17,High
Haryana,"26.2006° N, 92.9376° E",Pineapple_leaves,2808.0,32.42,High
Meghalaya,"22.2587° N, 71.1924° E",Mixed_Stalks,2543.0,17.53,High
Gujarat,"25.0961° N, 85.3131° E",Sugarcane_bagasse,3572.0,41.91,High
Mizoram,"26.2006° N, 92.9376° E",Straw_Waste,3966.0,21.3,Low
Haryana,"27.5330° N, 88.5122° E",Straw_Waste,1368.0,36.18,High
Tamil Nadu,"30.0668° N, 79.0193° E",Nut_shells,4995.0,42.86,Low
Nagaland,"26.2006° N, 92.9376° E",Straw_Waste,425.0,40.99,Low
Andhra Pradesh,"11.1271° N, 78.6569° E",Straw_Waste,4703.0,12.83,High
Jharkhand,"27.5330° N, 88.5122° E",Nut_shells,4803.0,10.49,High
Kerala,"15.2993° N, 74.1240° E",Straw_Waste,2675.0,49.79,Medium
Uttarakhand,"18.1124° N, 79.0193° E",Straw_Waste,4901.0,34.28,Low
Manipur,"18.1124° N, 79.0193° E",Straw_Waste,3844.0,32.36,Low
Maharashtra,"27.5330° N, 88.5122° E",Nut_shells,1744.0,14.32,Low
Uttar Pradesh,"30.0668° N, 79.0193° E",Straw_Waste,270.0,10.96,Low
Maharashtra,"26.8467° N, 80.9462° E",Straw_Waste,2072.0,40.23,Low
Bihar,"26.8467° N, 80.9462° E",Maize_waste,957.0,7.19,High
Gujarat,"19.7515° N, 75.7139° E",Straw_Waste,4406.0,41.96,Low
Haryana,"25.4670° N, 91.3662° E",Straw_Waste,4145.0,4.31,High
Odisha,"23.1645° N, 92.9376° E",Maize_waste,3446.0,35.09,Medium
Tripura,"27.0238° N, 74.2179° E",Mixed_Stalks,4523.0,29.99,High
Goa,"31.1471° N, 75.3412° E",Pineapple_leaves,2044.0,35.62,Medium
Sikkim,"26.8467° N, 80.9462° E",Straw_Waste,4241.0,37.15,High
Madhya Pradesh,"30.0668° N, 79.0193° E",Maize_waste,2263.0,34.43,Medium
Bihar,"11.1271° N, 78.6569° E",Nut_shells,3519.0,46.87,High
Tripura,"19.7515° N, 75.7139° E",Maize_waste,412.0,20.14,Medium
Jharkhand,"23.1645° N, 92.9376° E",Maize_waste,2929.0,9.77,High
Himachal Pradesh,"28.2170° N, 94.7278° E",Straw_Waste,1873.0,19.03,High
Haryana,"11.1271° N, 78.6569° E",Mixed_Stalks,1046.0,2.01,High
Uttarakhand,"30.0668° N, 79.0193° E",Sugarcane_bagasse,605.0,4.95,Low
Rajasthan,"25.0961° N, 85.3131° E",Nut_shells,1972.0,47.82,High
Chhattisgarh,"25.0961° N, 85.3131° E",Maize_waste,4576.0,7.34,Medium
Mizoram,"15.9129° N, 79.7400° E",Mixed_Stalks,1311.0,9.81,High
Sikkim,"30.0668° N, 79.0193° E",Mixed_Stalks,1383.0,28.51,Low
Chhattisgarh,"26.1584° N, 94.5624° E",Maize_waste,3936.0,14.2,Medium
Sikkim,"19.7515° N, 75.7139° E",Maize_waste,1969.0,9.12,High
Nagaland,"18.1124° N, 79.0193° E",Straw_Waste,4616.0,5.87,Low
Rajasthan,"28.2170° N, 94.7278° E",Maize_waste,1401.0,24.89,Low
Himachal Pradesh,"22.9734° N, 78.6569° E",Straw_Waste,4450.0,47.16,High
Kerala,"22.9734° N, 78.6569° E",Straw_Waste,4777.0,30.96,High
Odisha,"31.1048° N, 77.1734° E",Straw_Waste,2180.0,9.16,Low
Maharashtra,"31.1471° N, 75.3412° E",Straw_Waste,1369.0,6.13,Medium
Mizoram,"27.5330° N, 88.5122° E",Straw_Waste,370.0,31.3,Low
Uttarakhand,"31.1048° N, 77.1734° E",Maize_waste,1258.0,45.32,Low
Mizoram,"27.5330° N, 88.5122° E",Straw_Waste,4775.0,11.57,Low
Manipur,"10.8505° N, 76.2711° E",Nut_shells,1573.0,41.64,Medium
West Bengal,"15.3173° N, 75.7139° E",Straw_Waste,4339.0,43.58,High
Maharashtra,"26.8467° N, 80.9462° E",Straw_Waste,4628.0,29.44,Medium
Meghalaya,"26.2006° N, 92.9376° E",Nut_shells,3224.0,27.12,Medium
Punjab,"29.0588° N, 76.0856° E",Straw_Waste,1024.0,2.59,Medium
Chhattisgarh,"19.7515° N, 75.7139° E",Straw_Waste,134.0,4.46,Medium
Gujarat,"24.6637° N, 93.9063° E",Straw_Waste,3238.0,20.37,Low
Jharkhand,"18.1124° N, 79.0193° E",Pineapple_leaves,1814.0,4.98,Medium
Kerala,"29.0588° N, 76.0856° E",Mixed_Stalks,3366.0,44.15,Medium
Uttarakhand,"25.0961° N, 85.3131° E",Straw_Waste,938.0,4.12,High
Kerala,"23.9408° N, 91.9882° E",Straw_Waste,1551.0,4.19,Medium
Tamil Nadu,"25.0961° N, 85.3131° E",Mixed_Stalks,3540.0,5.71,High
Madhya Pradesh,"11.1271° N, 78.6569° E",Maize_waste,4017.0,13.8,Medium
Sikkim,"26.2006° N, 92.9376° E",Straw_Waste,1550.0,4.25,High
Sikkim,"22.2587° N, 71.1924° E",Mixed_Stalks,2805.0,34.27,Low
Uttar Pradesh,"22.9868° N, 87.8550° E",Sugarcane_bagasse,4306.0,21.86,Low
Tamil Nadu,"23.1645° N, 92.9376° E",Maize_waste,422.0,48.45,High
Telangana,"31.1471° N, 75.3412° E",Maize_waste,2576.0,13.37,Low
Uttarakhand,"31.1048° N, 77.1734° E",Straw_Waste,2997.0,34.52,Low
Tripura,"18.1124° N, 79.0193° E",Nut_shells,594.0,22.98,Low
West Bengal,"15.2993° N, 74.1240° E",Straw_Waste,4230.0,17.6,High
Gujarat,"30.0668° N, 79.0193° E",Straw_Waste,1551.0,25.51,High
Sikkim,"22.9868° N, 87.8550° E",Nut_shells,3834.0,2.8,Low
Goa,"22.9868° N, 87.8550° E",Mixed_Stalks,2079.0,29.76,High
Uttar Pradesh,"23.9408° N, 91.9882° E",Straw_Waste,226.0,21.96,Low
Kerala,"30.0668° N, 79.0193° E",Nut_shells,4179.0,38.91,High
Bihar,"27.5330° N, 88.5122° E",Straw_Waste,4186.0,29.45,High
Karnataka,"22.9734° N, 78.6569° E",Mixed_Stalks,2212.0,19.01,Low
Kerala,"27.5330° N, 88.5122° E",Maize_waste,1475.0,19.17,Low
Kerala,"29.0588° N, 76.0856° E",Straw_Waste,2040.0,24.64,Medium
Tamil Nadu,"27.5330° N, 88.5122° E",Maize_waste,3259.0,37.63,Low
Bihar,"23.9408° N, 91.9882° E",Maize_waste,2487.0,35.57,High
Uttarakhand,"11.1271° N, 78.6569° E",Straw_Waste,2680.0,37.28,High
Tripura,"10.8505° N, 76.2711° E",Maize_waste,3929.0,22.12,Low
Rajasthan,"15.9129° N, 79.7400° E",Straw_Waste,4253.0,2.31,Medium
Odisha,"26.2006° N, 92.9376° E",Straw_Waste,1198.0,30.07,Low
Mizoram,"10.8505° N, 76.2711° E",Straw_Waste,4341.0,36.29,Low
Tamil Nadu,"26.1584° N, 94.5624° E",Straw_Waste,4348.0,3.08,High
Haryana,"23.1645° N, 92.9376° E",Straw_Waste,4918.0,31.36,High
Andhra Pradesh,"27.0238° N, 74.2179° E",Straw_Waste,4676.0,14.9,High
Madhya Pradesh,"11.1271° N, 78.6569° E",Mixed_Stalks,2168.0,22.47,High
Sikkim,"31.1471° N, 75.3412° E",Straw_Waste,1101.0,39.09,High
Himachal Pradesh,"10.8505° N, 76.2711° E",Sugarcane_bagasse,4576.0,40.97,Low
Punjab,"21.2787° N, 81.8661° E",Straw_Waste,1511.0,14.77,Low
Uttar Pradesh,"26.2006° N, 92.9376° E",Straw_Waste,3432.0,29.1,Low
Andhra Pradesh,"24.6637° N, 93.9063° E",Mixed_Stalks,3360.0,15.79,Low
Tamil Nadu,"21.2787° N, 81.8661° E",Maize_waste,1240.0,2.04,High
Gujarat,"26.1584° N, 94.5624° E",Mixed_Stalks,4848.0,34.39,Medium
Uttar Pradesh,"25.0961° N, 85.3131° E",Sugarcane_bagasse,1881.0,21.71,Low
Punjab,"31.1471° N, 75.3412° E",Sugarcane_bagasse,1274.0,20.53,Medium
Assam,"22.9868° N, 87.8550° E",Straw_Waste,898.0,48.35,Low
Tamil Nadu,"15.9129° N, 79.7400° E",Straw_Waste,3184.0,22.55,High
Arunachal Pradesh,"26.1584° N, 94.5624° E",Maize_waste,3033.0,17.04,High
Jharkhand,"18.1124° N, 79.0193° E",Straw_Waste,4579.0,45.64,Low
Sikkim,"22.9868° N, 87.8550° E",Straw_Waste,3017.0,32.8,High
Madhya Pradesh,"29.0588° N, 76.0856° E",Straw_Waste,4427.0,40.99,High
Haryana,"26.8467° N, 80.9462° E",Straw_Waste,1677.0,28.2,High
Maharashtra,"21.2787° N, 81.8661° E",Bamboo_waste,4092.0,45.77,Medium
Assam,"24.6637° N, 93.9063° E",Straw_Waste,1562.0,26.03,Low
Uttar Pradesh,"23.1645° N, 92.9376° E",Mixed_Stalks,1289.0,2.25,Low
Telangana,"15.3173° N, 75.7139° E",Maize_waste,1307.0,13.31,Low
Uttar Pradesh,"23.6102° N, 85.2799° E",Maize_waste,3897.0,43.21,High
Andhra Pradesh,"24.6637° N, 93.9063° E",Maize_waste,1435.0,33.05,Low
Tamil Nadu,"31.1471° N, 75.3412° E",Straw_Waste,2430.0,48.05,High
Kerala,"27.0238° N, 74.2179° E",Nut_shells,789.0,21.29,High
Himachal Pradesh,"26.1584° N, 94.5624° E",Maize_waste,1512.0,49.1,High
Nagaland,"26.8467° N, 80.9462° E",Groundnut_shells,546.0,35.87,High
